part_group,week,risk_score,y_true,alert_level,threshold_used
Structure,2015-12-28/2016-01-03,0.47511765,1,0,0.762
Structure,2016-01-04/2016-01-10,0.7170162,1,0,0.762
Structure,2016-01-11/2016-01-17,0.61415863,1,0,0.762
Structure,2016-01-18/2016-01-24,0.6550101,0,0,0.762
Structure,2016-01-25/2016-01-31,0.7653148,0,1,0.762
Structure,2016-02-01/2016-02-07,0.8256625,0,1,0.762
Structure,2016-02-08/2016-02-14,0.7336035,0,0,0.762
Structure,2016-02-15/2016-02-21,0.8853686,1,1,0.762
Structure,2016-02-22/2016-02-28,0.8138382,1,1,0.762
Structure,2016-02-29/2016-03-06,0.8913046,1,1,0.762
Structure,2016-03-07/2016-03-13,0.87017953,1,1,0.762
Structure,2016-03-14/2016-03-20,0.79431874,1,1,0.762
Structure,2016-03-21/2016-03-27,0.7750193,1,1,0.762
Structure,2016-03-28/2016-04-03,0.8132177,1,1,0.762
Structure,2016-04-04/2016-04-10,0.8357607,1,1,0.762
Structure,2016-04-11/2016-04-17,0.92518073,1,1,0.762
Structure,2016-04-18/2016-04-24,0.9137556,1,1,0.762
Structure,2016-04-25/2016-05-01,0.87891674,1,1,0.762
Structure,2016-05-02/2016-05-08,0.9404402,1,1,0.762
Structure,2016-05-09/2016-05-15,0.90531266,1,1,0.762
Structure,2016-05-16/2016-05-22,0.8688282,1,1,0.762
Structure,2016-05-23/2016-05-29,0.9517601,1,1,0.762
Structure,2016-05-30/2016-06-05,0.77184576,1,1,0.762
Structure,2016-06-06/2016-06-12,0.9053357,1,1,0.762
Structure,2016-06-13/2016-06-19,0.85655856,1,1,0.762
Structure,2016-06-20/2016-06-26,0.8472204,0,1,0.762
Structure,2016-06-27/2016-07-03,0.7087491,0,0,0.762
Structure,2016-07-04/2016-07-10,0.7571899,0,0,0.762
Structure,2016-07-11/2016-07-17,0.76204234,1,1,0.762
Structure,2016-07-18/2016-07-24,0.76451814,1,1,0.762
Structure,2016-07-25/2016-07-31,0.7895786,1,1,0.762
Structure,2016-08-01/2016-08-07,0.6114697,1,0,0.762
Structure,2016-08-08/2016-08-14,0.37691566,0,0,0.762
Structure,2016-08-15/2016-08-21,0.5133323,0,0,0.762
Structure,2016-08-22/2016-08-28,0.32174972,0,0,0.762
Structure,2016-08-29/2016-09-04,0.31180725,0,0,0.762
Structure,2016-09-05/2016-09-11,0.22644036,0,0,0.762
Structure,2016-09-12/2016-09-18,0.3677002,0,0,0.762
Structure,2016-09-19/2016-09-25,0.20415898,0,0,0.762
Structure,2016-09-26/2016-10-02,0.29787722,1,0,0.762
Structure,2016-10-03/2016-10-09,0.38081342,1,0,0.762
Structure,2016-10-10/2016-10-16,0.3267661,1,0,0.762
Structure,2016-10-17/2016-10-23,0.34411404,1,0,0.762
Structure,2016-10-24/2016-10-30,0.15825792,1,0,0.762
Structure,2016-10-31/2016-11-06,0.51469123,0,0,0.762
Structure,2016-11-07/2016-11-13,0.40011704,0,0,0.762
Structure,2016-11-14/2016-11-20,0.44717082,0,0,0.762
Structure,2016-11-21/2016-11-27,0.34022862,0,0,0.762
Structure,2016-11-28/2016-12-04,0.4467647,0,0,0.762
Structure,2016-12-05/2016-12-11,0.36318812,0,0,0.762
Structure,2016-12-12/2016-12-18,0.43085232,1,0,0.762
Structure,2016-12-19/2016-12-25,0.59728515,0,0,0.762
Structure,2016-12-26/2017-01-01,0.8799552,1,1,0.762
Structure,2017-01-02/2017-01-08,0.7572616,0,0,0.762
Structure,2017-01-09/2017-01-15,0.8397909,0,1,0.762
Structure,2017-01-16/2017-01-22,0.8965462,0,1,0.762
Structure,2017-01-23/2017-01-29,0.89123654,0,1,0.762
Structure,2017-01-30/2017-02-05,0.74290425,1,0,0.762
Structure,2017-02-06/2017-02-12,0.7958461,1,1,0.762
Structure,2017-02-13/2017-02-19,0.80112094,1,1,0.762
Structure,2017-02-20/2017-02-26,0.9757414,1,1,0.762
Structure,2017-02-27/2017-03-05,0.9162298,0,1,0.762
Structure,2017-03-06/2017-03-12,0.88654095,1,1,0.762
Structure,2017-03-13/2017-03-19,0.8837275,1,1,0.762
Structure,2017-03-20/2017-03-26,0.9353838,1,1,0.762
Structure,2017-03-27/2017-04-02,0.8559871,1,1,0.762
Structure,2017-04-03/2017-04-09,0.90565914,1,1,0.762
Structure,2017-04-10/2017-04-16,0.8483234,1,1,0.762
Structure,2017-04-17/2017-04-23,0.6821755,1,0,0.762
Structure,2017-04-24/2017-04-30,0.9038919,1,1,0.762
Structure,2017-05-01/2017-05-07,0.7915434,1,1,0.762
Structure,2017-05-08/2017-05-14,0.91963017,1,1,0.762
Structure,2017-05-15/2017-05-21,0.9040304,0,1,0.762
Structure,2017-05-22/2017-05-28,0.88654095,0,1,0.762
Structure,2017-05-29/2017-06-04,0.9057756,1,1,0.762
Structure,2017-06-05/2017-06-11,0.8983978,1,1,0.762
Structure,2017-06-12/2017-06-18,0.8583888,1,1,0.762
Structure,2017-06-19/2017-06-25,0.9122049,1,1,0.762
Structure,2017-06-26/2017-07-02,0.6356739,1,0,0.762
Structure,2017-07-03/2017-07-09,0.7378219,1,0,0.762
Structure,2017-07-10/2017-07-16,0.6797662,0,0,0.762
Structure,2017-07-17/2017-07-23,0.56534094,1,0,0.762
Structure,2017-07-24/2017-07-30,0.32950443,0,0,0.762
Structure,2017-07-31/2017-08-06,0.44908866,0,0,0.762
Structure,2017-08-07/2017-08-13,0.5232344,0,0,0.762
Structure,2017-08-14/2017-08-20,0.44993412,0,0,0.762
Structure,2017-08-21/2017-08-27,0.41011584,0,0,0.762
Structure,2017-08-28/2017-09-03,0.5050088,0,0,0.762
Structure,2017-09-04/2017-09-10,0.34440452,0,0,0.762
Structure,2017-09-11/2017-09-17,0.46374074,0,0,0.762
Structure,2017-09-18/2017-09-24,0.4330883,0,0,0.762
Structure,2017-09-25/2017-10-01,0.28610593,0,0,0.762
Structure,2017-10-02/2017-10-08,0.44962588,0,0,0.762
Structure,2017-10-09/2017-10-15,0.23795563,1,0,0.762
Structure,2017-10-16/2017-10-22,0.40695032,0,0,0.762
Structure,2017-10-23/2017-10-29,0.40046635,0,0,0.762
Structure,2017-10-30/2017-11-05,0.31182384,0,0,0.762
Structure,2017-11-06/2017-11-12,0.46617383,0,0,0.762
Structure,2017-11-13/2017-11-19,0.41133016,1,0,0.762
Structure,2017-11-20/2017-11-26,0.4948868,1,0,0.762
Structure,2017-11-27/2017-12-03,0.16415772,1,0,0.762
Structure,2017-12-04/2017-12-10,0.39417684,1,0,0.762
Structure,2017-12-11/2017-12-17,0.29159632,0,0,0.762
Structure,2017-12-18/2017-12-24,0.4779179,0,0,0.762
