event_id,publish_date,disruption_type,location_entities,severity_score,predicted_label,predicted_probability
784f3aee69,1420483810000,PORT_CONGESTION,"CA,US",5,1,0.5182
eaa9edea07,2015-01-08,PORT_CONGESTION,UNKNOWN,9,1,0.9239
9ca4715d24,2015-01-12,PORT_CONGESTION,VI,8,1,0.8089
0bd970983b,2015-01-14,PORT_CONGESTION,VI,9,1,0.935
750045bfd7,1421681883000,PORT_CONGESTION,"US,VI,CA,MX",9,1,0.9314
3753c6094b,2015-01-19,PORT_CONGESTION,UNKNOWN,9,1,0.9266
d68125eee6,2015-01-19,PORT_CONGESTION,US,8,1,0.8357
3f889c6e15,1421765578000,PORT_CONGESTION,"WF,US",8,1,0.8333
a8ca96ae93,2015-01-20,PORT_CONGESTION,ZW,7,1,0.7102
ae47bde9f3,2015-01-21,PORT_CONGESTION,UNKNOWN,6,1,0.6008
ac1c813af5,2015-01-22,PORT_CONGESTION,US,6,1,0.6137
deb5cb33b5,2015-01-22,PORT_CONGESTION,UNKNOWN,8,1,0.8003
7bb6f6fda5,2015-01-22,GENERAL_DISRUPTION,"IO,KN",7,1,0.7936
bd410e4329,2015-01-23,PORT_CONGESTION,"CN,VI",5,1,0.5771
2d7f93ed1f,1422050660000,PORT_CONGESTION,"VI,US",9,1,0.9062
986cc8b75e,2015-01-26,PORT_CONGESTION,UNKNOWN,9,1,0.9034
ce68867d51,2015-01-26,PORT_CONGESTION,"CN,VI,AS",8,1,0.8855
99131bb262,1422648050000,PORT_CONGESTION,"GH,KW",8,1,0.8588
2e2995fd7a,1422891598000,PORT_CONGESTION,"VI,SG,JP,DE,RU,CN",8,1,0.8638
b6c383efa8,1423003984000,PORT_CONGESTION,"VI,CA,US",7,1,0.776
06e9f3da7a,1422984155000,PORT_CONGESTION,"HK,ES,BR,MX,DE,VI",8,1,0.8268
1390f373ac,2015-02-04,PORT_CONGESTION,CN,8,1,0.8848
1a8b2e8daa,1423092727000,PORT_CONGESTION,VI,7,1,0.7518
83c67ecdae,2015-02-05,PORT_CONGESTION,UNKNOWN,7,1,0.7461
548012fc56,2015-02-05,PORT_CONGESTION,UNKNOWN,9,1,0.9123
a4bb350489,2015-02-09,PORT_CONGESTION,UNKNOWN,9,1,0.9219
c0b5e2f4c8,2015-02-09,PORT_CONGESTION,UNKNOWN,6,1,0.6342
d1dc1e71cc,2015-02-10,PORT_CONGESTION,"VI,PL",9,1,0.9341
c4436ffd5e,2015-02-10,PORT_CONGESTION,UNKNOWN,7,1,0.7416
054d6ab2f0,2015-02-11,PORT_CONGESTION,UNKNOWN,9,1,0.9248
8637c06627,2015-02-13,PORT_CONGESTION,GB,8,1,0.8321
f9e91efc38,2015-02-13,PORT_CONGESTION,UNKNOWN,9,2,0.9978
da077ae647,1424020815000,PORT_CONGESTION,US,8,1,0.8894
12de2fa8b2,2015-02-17,PORT_CONGESTION,UNKNOWN,8,1,0.8839
830f4344f5,2015-02-17,PORT_CONGESTION,UNKNOWN,9,1,0.908
28a85101b9,2015-02-17,PORT_CONGESTION,VI,8,1,0.8962
5c09a73dae,2015-02-18,PORT_CONGESTION,UNKNOWN,7,1,0.7614
7bed74160b,1424281287000,PORT_CONGESTION,VI,9,1,0.924
049e3b7d8b,2015-02-19,PORT_CONGESTION,VI,8,1,0.8926
316c31492c,1424382611000,PORT_CONGESTION,"VI,DE",6,1,0.6808
5a4761d4b8,1424370600000,PORT_CONGESTION,UNKNOWN,5,1,0.5081
a97853dada,2015-02-20,PORT_CONGESTION,CN,6,1,0.6444
9e39a9ed87,2015-02-20,PORT_CONGESTION,UNKNOWN,9,1,0.9295
4bf71c71d8,2015-02-20,PORT_CONGESTION,UNKNOWN,7,1,0.7664
c2a63a5143,2015-02-23,PORT_CONGESTION,UNKNOWN,9,1,0.9134
cf49faadaa,2015-02-23,PORT_CONGESTION,UNKNOWN,8,1,0.8167
da4a575422,2015-02-23,PORT_CONGESTION,UNKNOWN,7,1,0.7508
7bf1c36a83,2015-02-24,PORT_CONGESTION,UNKNOWN,6,1,0.6103
5283d6b3af,1424881700000,PORT_CONGESTION,US,6,1,0.6718
9c5b413270,1424877160000,PORT_CONGESTION,UNKNOWN,7,1,0.7818
640aadaaf6,1424969029000,PORT_CONGESTION,VI,9,1,0.9246
61b4069ece,1424900813000,PORT_CONGESTION,"VI,CN",8,1,0.8935
e326bec96b,2015-02-26,PORT_CONGESTION,UNKNOWN,8,1,0.8503
204729908a,2015-02-26,PORT_CONGESTION,UNKNOWN,8,1,0.8726
750380b30c,2015-02-26,PORT_CONGESTION,UNKNOWN,8,1,0.8857
fed0889a25,2015-02-27,PORT_CONGESTION,UNKNOWN,5,1,0.5482
2f9864efa3,2015-02-27,PORT_CONGESTION,VI,8,1,0.8995
7f03eae5fe,2015-02-27,PORT_CONGESTION,UNKNOWN,9,1,0.9137
f8e4871753,2015-02-27,PORT_CONGESTION,VI,6,1,0.6928
65543a6ead,1425309687000,PORT_CONGESTION,"US,VI",9,1,0.9226
fc67183e2a,2015-03-02,PORT_CONGESTION,UNKNOWN,6,1,0.6775
675fe85ce1,1425480914000,PORT_CONGESTION,UNKNOWN,7,1,0.7679
bf07310ef6,2015-03-04,PORT_CONGESTION,UNKNOWN,9,1,0.9007
3b418acd0d,2015-03-04,PORT_CONGESTION,UNKNOWN,9,1,0.9043
b378137e45,1425572961000,PORT_CONGESTION,"AS,VI",8,1,0.8309
e14578aaca,2015-03-05,PORT_CONGESTION,UNKNOWN,9,1,0.9291
f674018a34,2015-03-05,PORT_CONGESTION,UNKNOWN,9,1,0.9225
511fe476df,1425653115000,PORT_CONGESTION,IN,8,1,0.81
076f7396cb,2015-03-06,PORT_CONGESTION,UNKNOWN,7,1,0.7979
ce2e9b64c4,2015-03-06,PORT_CONGESTION,UNKNOWN,8,1,0.8517
7c689328e1,2015-03-06,PORT_CONGESTION,"CN,VI,DE",6,1,0.6971
1a36b06ff7,2015-03-09,PORT_CONGESTION,UNKNOWN,8,1,0.8251
bccdddc316,2015-03-09,PORT_CONGESTION,UNKNOWN,8,1,0.8734
eff3535f86,2015-03-09,PORT_CONGESTION,"US,VI,CN,VN,BD,IS",8,1,0.8871
2f4a9948da,2015-03-09,PORT_CONGESTION,UNKNOWN,9,2,0.9979
c15adc7675,2015-03-11,PORT_CONGESTION,"IN,CN",7,1,0.7266
87ca2e8365,1426110575000,PORT_CONGESTION,"CN,HK",8,1,0.8508
c54ff81fe0,2015-03-12,PORT_CONGESTION,US,9,1,0.9316
57e105985d,2015-03-12,PORT_CONGESTION,CN,8,1,0.8638
f263144422,2015-03-16,PORT_CONGESTION,UNKNOWN,9,1,0.9374
1fe19970ec,2015-03-16,PORT_CONGESTION,GB,8,1,0.8865
4bbdb12740,2015-03-16,PORT_CONGESTION,JP,9,1,0.9315
b81ec2b81c,2015-03-17,PORT_CONGESTION,UNKNOWN,5,1,0.5247
424f921303,2015-03-18,LABOR_STRIKE,GB,7,1,0.7156
f40b929001,2015-03-18,PORT_CONGESTION,"AU,VI,NZ,HN",8,1,0.8683
7662ad54e9,1426781321000,PORT_CONGESTION,DE,9,1,0.9117
37d94bb1ed,1426710852000,PORT_CONGESTION,"KE,CI",9,1,0.9079
391b5cfcdc,1427122998000,PORT_CONGESTION,"MM,JP,TH,ID,PH,VN,VI,CN,IN",7,1,0.7414
ee17404ade,2015-03-23,PORT_CONGESTION,UNKNOWN,9,1,0.9305
97754a2a09,2015-03-24,PORT_CONGESTION,UNKNOWN,8,1,0.84
9e69c3db55,2015-03-27,PORT_CONGESTION,UNKNOWN,8,1,0.8353
5a38b98946,2015-03-30,PORT_CONGESTION,UNKNOWN,7,1,0.7626
de50e08dc7,2015-03-31,PORT_CONGESTION,VI,9,1,0.9151
859e1aaeb9,2015-03-31,PORT_CONGESTION,"YE,SA,IR,VI",6,1,0.6863
6e14973a58,2015-04-02,PORT_CONGESTION,UNKNOWN,9,1,0.9253
5c3e55d080,2015-04-02,PORT_CONGESTION,VI,7,1,0.7356
507c21482c,1428019428000,PORT_CONGESTION,"VI,CN",9,1,0.9202
ce893fdd2d,2015-04-06,GENERAL_DISRUPTION,UNKNOWN,6,1,0.6238
4dc391d47c,1428408641000,PORT_CONGESTION,UNKNOWN,7,1,0.7796
4addab3abe,2015-04-07,PORT_CONGESTION,"VI,AE,QA,US",5,1,0.505
f90c0ef2d1,1428442002000,PORT_CONGESTION,"BR,AR,UY,CL,BO,PE",8,1,0.8129
99077205d9,2015-04-08,PORT_CONGESTION,UNKNOWN,9,1,0.939
d367d42db4,2015-04-09,PORT_CONGESTION,"MX,VI",9,1,0.926
606f8ebcde,2015-04-10,PORT_CONGESTION,CH,7,1,0.7378
305f18200b,2015-04-13,PORT_CONGESTION,VI,9,1,0.935
c4dd1023c0,1429025606000,PORT_CONGESTION,CH,5,1,0.5733
e8d93b092d,2015-04-17,PORT_CONGESTION,KN,7,1,0.7963
ec86d856bd,2015-04-17,PORT_CONGESTION,VI,7,1,0.7542
6f978f1dca,2015-04-20,PORT_CONGESTION,VI,8,1,0.8841
752cd547fe,2015-04-21,PORT_CONGESTION,VI,9,1,0.9076
8339ae0390,1429719108000,PORT_CONGESTION,UNKNOWN,5,1,0.5809
26ccf78239,1430153205000,PORT_CONGESTION,"VI,PY",9,2,0.9978
1758a7b0f7,2015-04-27,PORT_CONGESTION,"TH,JP",8,1,0.8823
8e88e1aad5,1430316323000,PORT_CONGESTION,VI,9,1,0.9082
7add927662,1430491182000,PORT_CONGESTION,"JP,VI,SG,CN",8,1,0.8749
cdd30536fd,1430504520000,PORT_CONGESTION,"US,CN,VI,CA,BR",8,1,0.883
d25a21be52,1430758250000,PORT_CONGESTION,"HK,US",9,1,0.9041
a0accd3ffe,2015-05-04,PORT_CONGESTION,UNKNOWN,9,1,0.9259
56809e7615,1430775420000,PORT_CONGESTION,"AS,US",8,1,0.8976
31ed227ced,2015-05-05,PORT_CONGESTION,"VI,CN,BR",9,1,0.9125
2fcd55c90b,1430934929000,PORT_CONGESTION,"US,VI",8,1,0.8567
72e443f308,2015-05-07,PORT_CONGESTION,UNKNOWN,9,1,0.9091
0662a9a2e6,2015-05-07,PORT_CONGESTION,VI,9,2,0.9979
a5a22f886d,2015-05-07,PORT_CONGESTION,UNKNOWN,8,1,0.896
51676459de,1431098141000,PORT_CONGESTION,"VI,JP,CN,CA",6,1,0.6278
1462855d05,1431023378000,PORT_CONGESTION,UNKNOWN,8,1,0.8102
8f5df46d51,2015-05-08,PORT_CONGESTION,UNKNOWN,7,1,0.745
9bc39cb179,1431257607000,PORT_CONGESTION,"VI,CN,AU,JP,SG",5,1,0.5464
c2502c079a,2015-05-11,PORT_CONGESTION,VI,8,1,0.8816
b9e95ce029,2015-05-12,PORT_CONGESTION,UNKNOWN,9,1,0.9176
a18002b192,1431544233000,PORT_CONGESTION,US,7,1,0.7305
5ea9964836,2015-05-15,PORT_CONGESTION,UNKNOWN,8,1,0.8982
b29fd9c9a5,2015-05-15,PORT_CONGESTION,UNKNOWN,8,1,0.8757
9ffc16d2c7,2015-05-15,PORT_CONGESTION,UNKNOWN,8,1,0.8731
5f1b453990,2015-05-18,PORT_CONGESTION,GB,6,1,0.6264
354ffeb8e3,2015-05-18,PORT_CONGESTION,VI,8,1,0.8518
e0af4020c2,2015-05-18,PORT_CONGESTION,AF,9,1,0.9009
c1f3502262,2015-05-18,PORT_CONGESTION,UNKNOWN,8,1,0.8691
5895691417,2015-05-19,PORT_CONGESTION,"VI,US,PR",7,1,0.7641
64faa3ca8b,2015-05-19,PORT_CONGESTION,CN,8,1,0.8737
036859944b,2015-05-20,PORT_CONGESTION,UNKNOWN,7,1,0.7071
fd38edea30,2015-05-21,PORT_CONGESTION,GB,6,1,0.6179
e63233bfef,2015-05-21,PORT_CONGESTION,UNKNOWN,8,1,0.8174
560efb4ec4,2015-05-22,PORT_CONGESTION,VI,8,1,0.8788
3fd62b2545,2015-05-28,PORT_CONGESTION,BR,6,1,0.641
4254527b1e,2015-05-28,PORT_CONGESTION,"CN,VI",8,1,0.8211
d1bc69aa2b,2015-05-28,PORT_CONGESTION,UNKNOWN,6,1,0.6726
016c4a7b94,2015-06-01,PORT_CONGESTION,UNKNOWN,9,2,0.9979
fb992b8440,1433345974000,PORT_CONGESTION,UNKNOWN,5,1,0.5527
a5815b3130,1433281257000,PORT_CONGESTION,VI,7,1,0.7798
8ef49c4bdd,2015-06-03,PORT_CONGESTION,"US,GB",6,1,0.6319
7d290cdace,1433365286000,PORT_CONGESTION,"US,JP,KR,GE,FR",9,1,0.9249
5cf91ccaf3,2015-06-04,PORT_CONGESTION,VI,8,1,0.8342
bea239db94,1433772593000,PORT_CONGESTION,"VI,GB,US,FR,DE,CN",8,1,0.8995
29366b4e1d,2015-06-11,PORT_CONGESTION,"VI,BZ,CA",9,1,0.9101
76b65964cc,2015-06-12,PORT_CONGESTION,GB,5,1,0.5214
0da09c4b86,2015-06-12,PORT_CONGESTION,VI,9,1,0.9301
2313e85842,1434387054000,PORT_CONGESTION,"CN,JP,HK",5,1,0.5939
90668aeae2,2015-06-15,PORT_CONGESTION,"JP,TH",9,1,0.9321
df9e0322ef,1434406119000,PORT_CONGESTION,VI,7,1,0.7543
2b68374aa7,2015-06-16,PORT_CONGESTION,UNKNOWN,9,1,0.9064
8eb1fe752d,2015-06-19,PORT_CONGESTION,US,8,1,0.8803
e067b36ec9,2015-06-19,PORT_CONGESTION,UNKNOWN,5,1,0.5781
afae1c7260,2015-06-19,PORT_CONGESTION,VI,8,1,0.8821
1d8eac56ee,2015-06-22,PORT_CONGESTION,GB,8,1,0.8216
1ebd209130,1435067421000,PORT_CONGESTION,"CA,MX,VI,US",9,1,0.928
be6cfab4ac,1435009465000,PORT_CONGESTION,"IT,VI,US,VC,GH,GE,FR",8,1,0.8641
5a6f75a6c9,2015-06-23,PORT_CONGESTION,VI,7,1,0.7164
4af534161e,2015-06-26,GENERAL_DISRUPTION,UNKNOWN,7,1,0.708
8f3fda552e,2015-06-26,PORT_CONGESTION,UNKNOWN,8,1,0.8314
6c85804aa3,2015-06-29,PORT_CONGESTION,UNKNOWN,8,1,0.8097
eb171bcd0b,2015-06-29,PORT_CONGESTION,VI,9,1,0.9299
b0fd9db9ac,2015-06-29,PORT_CONGESTION,VI,8,1,0.8732
d5ce064d99,2015-07-01,GENERAL_DISRUPTION,UNKNOWN,7,1,0.7447
d7e49284d9,1435846218000,LABOR_STRIKE,"GB,DE",8,1,0.8418
259e98f1bf,2015-07-06,PORT_CONGESTION,VI,8,1,0.8953
9e671ab4ee,1436204380000,PORT_CONGESTION,"VI,CR,US",8,1,0.8779
cd86bece91,2015-07-07,PORT_CONGESTION,UNKNOWN,8,1,0.854
20be049a34,2015-07-08,PORT_CONGESTION,VI,8,1,0.8439
ba7927e5db,2015-07-08,PORT_CONGESTION,UNKNOWN,5,1,0.5436
61d5dcbc11,1436453803000,LABOR_STRIKE,"GB,DE",8,1,0.8132
cff8535820,1436475298000,PORT_CONGESTION,"LA,BE,VI,US,MX,CA,GE",9,1,0.9262
b5a4aed464,2015-07-10,PORT_CONGESTION,GB,8,1,0.8157
2483c4c89e,2015-07-10,PORT_CONGESTION,"MX,CN,AS,VI",9,1,0.9347
1c3fc6ba22,2015-07-10,PORT_CONGESTION,UNKNOWN,9,1,0.9231
cda446727a,2015-07-13,PORT_CONGESTION,UNKNOWN,8,1,0.8679
1e90b5a227,2015-07-13,PORT_CONGESTION,"VI,US",9,1,0.9067
6c1c9bb444,2015-07-13,PORT_CONGESTION,AU,8,1,0.862
50a788184d,1436878614000,PORT_CONGESTION,"GB,US",5,1,0.5991
6787ed3233,2015-07-14,PORT_CONGESTION,UNKNOWN,9,1,0.9325
3550f32e53,2015-07-14,PORT_CONGESTION,VI,5,1,0.5234
f88df83dd2,2015-07-16,PORT_CONGESTION,UNKNOWN,5,1,0.598
eb86ade714,2015-07-20,PORT_CONGESTION,UNKNOWN,8,1,0.8641
e6067a54d6,2015-07-20,PORT_CONGESTION,UNKNOWN,7,1,0.7565
f52f91eac1,2015-07-22,LABOR_STRIKE,"ES,DE,CN",5,1,0.5012
fb65ec5a33,1437656584000,PORT_CONGESTION,GB,5,1,0.5281
6cce1017f0,2015-07-27,PORT_CONGESTION,UNKNOWN,9,1,0.9267
9042b66163,1438097380000,PORT_CONGESTION,"GB,DE",9,1,0.9193
93569661c1,2015-07-29,GEOPOLITICAL,UNKNOWN,10,1,0.8913
27eff683f9,1438190557000,PORT_CONGESTION,UNKNOWN,9,1,0.9245
58b95dea8c,2015-07-30,PORT_CONGESTION,UNKNOWN,5,1,0.5807
bf39482280,2015-07-30,PORT_CONGESTION,UNKNOWN,9,1,0.9293
fef653b0f5,2015-07-31,PORT_CONGESTION,UNKNOWN,8,1,0.8668
6a178263f0,2015-08-03,PORT_CONGESTION,UNKNOWN,7,1,0.7552
d9d9622c06,2015-08-03,SUPPLIER_FINANCIAL,UNKNOWN,10,1,0.8924
61369e14d1,2015-08-03,PORT_CONGESTION,"MX,PA",9,1,0.9037
872f707b18,1438720405000,PORT_CONGESTION,VI,6,1,0.6141
5cb726ddec,2015-08-05,GENERAL_DISRUPTION,UNKNOWN,6,1,0.6386
f6036d6b13,1438878969000,PORT_CONGESTION,US,8,1,0.8824
5aa6ea3cce,1438860187000,LABOR_STRIKE,"GB,DE",8,1,0.822
8fce6180ad,2015-08-06,PORT_CONGESTION,MX,8,1,0.861
4aa35eb592,2015-08-06,PORT_CONGESTION,UNKNOWN,7,1,0.7319
67d1355fe7,2015-08-07,PORT_CONGESTION,UNKNOWN,8,1,0.8856
4c645db1ce,2015-08-10,PORT_CONGESTION,US,8,1,0.8952
b54eb97c1b,2015-08-10,PORT_CONGESTION,KI,5,1,0.5942
44347b16b4,2015-08-10,PORT_CONGESTION,"US,VI,CA",5,1,0.5601
ddd5faf5a0,2015-08-10,PORT_CONGESTION,UNKNOWN,7,1,0.7168
a470d3a38d,2015-08-11,PORT_CONGESTION,UNKNOWN,7,1,0.7785
2fe9d1c550,2015-08-12,PORT_CONGESTION,UNKNOWN,8,1,0.848
2dc6cfbc3d,2015-08-14,PORT_CONGESTION,UNKNOWN,5,1,0.5519
9bc2f572f4,2015-08-17,PORT_CONGESTION,UNKNOWN,8,1,0.8143
9cbf2b11cb,1439905286000,PORT_CONGESTION,UNKNOWN,8,1,0.8257
a178384b99,2015-08-18,GENERAL_DISRUPTION,UNKNOWN,5,1,0.504
dc877efa20,1440002525000,PORT_CONGESTION,UNKNOWN,8,1,0.8283
f02e49373c,2015-08-19,PORT_CONGESTION,"MY,VI",8,1,0.8062
0189ac04a7,2015-08-20,PORT_CONGESTION,VI,8,1,0.8986
3cc563583f,2015-08-24,PORT_CONGESTION,UNKNOWN,8,1,0.8262
2e42deadae,2015-08-24,PORT_CONGESTION,UNKNOWN,9,1,0.9028
a3d86983cd,1440501690000,PORT_CONGESTION,"HK,CN,GR,JP,VI,TW",7,1,0.7773
167674ed31,2015-08-26,PORT_CONGESTION,SG,7,1,0.7319
b4ad16decf,2015-08-28,PORT_CONGESTION,VI,8,1,0.8734
1827b47779,2015-09-02,PORT_CONGESTION,UNKNOWN,5,1,0.5181
34f3529563,2015-09-03,PORT_CONGESTION,UNKNOWN,8,1,0.8686
fca5aeb66b,2015-09-03,GEOPOLITICAL,VI,10,1,0.8957
c543f687ba,2015-09-04,PORT_CONGESTION,UNKNOWN,9,1,0.9216
9728e365c8,2015-09-08,WEATHER_EVENT,VI,10,1,0.8313
c072455a61,1441808243000,LABOR_STRIKE,UNKNOWN,8,1,0.8883
708756d898,1441838134000,PORT_CONGESTION,HK,5,1,0.5595
cdd307addd,1441916779000,PORT_CONGESTION,UNKNOWN,9,1,0.9179
2249a100b7,2015-09-11,PORT_CONGESTION,"GB,DE,SE",7,1,0.7298
626497a88c,2015-09-11,PORT_CONGESTION,"VI,CN",5,1,0.5263
ca4353b590,2015-09-14,PORT_CONGESTION,"VI,US,GH",9,1,0.9225
e05d0091ea,2015-09-14,PORT_CONGESTION,"VI,AS",6,1,0.6158
1bcfcb652f,2015-09-16,PORT_CONGESTION,UNKNOWN,5,1,0.5597
f9a25608df,2015-09-16,PORT_CONGESTION,CN,5,1,0.5134
7861a4ccc5,1442425666000,PORT_CONGESTION,US,5,1,0.5083
602623d067,2015-09-17,PORT_CONGESTION,CN,8,1,0.8793
f56f406139,2015-09-18,PORT_CONGESTION,UNKNOWN,6,1,0.6002
aef23173f1,1442837370000,PORT_CONGESTION,GB,8,1,0.8511
33ca2b60d5,2015-09-21,PORT_CONGESTION,"CN,VI,MX",9,1,0.9117
110c143f0d,1442875213000,PORT_CONGESTION,US,5,1,0.5544
24cc2c7202,2015-09-23,PORT_CONGESTION,"US,VI",7,1,0.7836
3a7af84b28,2015-09-24,PORT_CONGESTION,UNKNOWN,5,1,0.5776
5cfde75180,2015-09-25,PORT_CONGESTION,"CN,US",9,1,0.9344
5db5afa392,1443445209000,PORT_CONGESTION,"GB,VI,US,SG,PA,BE",5,1,0.5889
353057f204,2015-09-28,PORT_CONGESTION,ES,9,1,0.9094
2b30e60516,1443476538000,PORT_CONGESTION,"CN,VI",8,1,0.8246
0736213c44,2015-10-01,PORT_CONGESTION,UNKNOWN,6,1,0.6156
61b9f2f9be,2015-10-01,PORT_CONGESTION,UNKNOWN,8,1,0.857
f2ff7a1e0d,2015-10-01,GEOPOLITICAL,UNKNOWN,8,1,0.6935
a4149c8dbb,2015-10-02,PORT_CONGESTION,UNKNOWN,7,1,0.7981
e923ce4f6f,1443819564000,PORT_CONGESTION,UNKNOWN,8,1,0.8714
2da360439c,2015-10-06,GEOPOLITICAL,US,9,1,0.7856
a61f0b9082,2015-10-08,PORT_CONGESTION,UNKNOWN,9,1,0.9191
f0f9467780,2015-10-08,PORT_CONGESTION,VI,7,1,0.7601
59e5c4c419,1444405116000,PORT_CONGESTION,VI,5,1,0.4982
b278533e38,2015-10-09,PORT_CONGESTION,UNKNOWN,6,1,0.6285
f4b1401ab3,2015-10-12,PORT_CONGESTION,UNKNOWN,9,1,0.9278
f0fef12a7e,1444670499000,PORT_CONGESTION,"VI,CA",5,1,0.5447
3e6895930f,2015-10-14,PORT_CONGESTION,UNKNOWN,9,1,0.9176
3ba1b3fd61,2015-10-15,PORT_CONGESTION,UNKNOWN,9,1,0.9302
70c2084197,2015-10-15,PORT_CONGESTION,UNKNOWN,6,1,0.6798
985a581e48,2015-10-15,PORT_CONGESTION,UNKNOWN,8,1,0.8491
0d894cd744,2015-10-19,PORT_CONGESTION,"MX,VI,CA,CN",9,1,0.9012
ff634b74f7,1445344031000,PORT_CONGESTION,"GB,VI",5,1,0.5423
98901cb290,1445429582000,PORT_CONGESTION,IN,8,1,0.8205
de52660d7c,2015-10-23,PORT_CONGESTION,UNKNOWN,7,1,0.725
57949aafc3,2015-10-23,PORT_CONGESTION,VI,8,1,0.8435
fc49da83ff,1445620232000,PORT_CONGESTION,"US,VI,GB",6,1,0.6675
848426c8f6,1445851618000,PORT_CONGESTION,"GB,VI,AU,BR,CN,FR",5,1,0.5823
81fb287124,2015-10-26,PORT_CONGESTION,"MX,CN,VI,CA",9,1,0.9069
9050bfbf20,1445971485000,PORT_CONGESTION,VI,6,1,0.6666
9af581d2bb,2015-10-28,PORT_CONGESTION,"VI,ES,DE",9,1,0.9039
816395a2fb,1446063448000,PORT_CONGESTION,VI,6,1,0.6257
65002392e3,2015-10-29,PORT_CONGESTION,UNKNOWN,8,1,0.877
dcb7107e30,2015-10-30,PORT_CONGESTION,UNKNOWN,7,1,0.7199
589f6b50b0,2015-11-02,PORT_CONGESTION,VI,8,1,0.8999
aeff7fa88e,2015-11-03,PORT_CONGESTION,"GR,NO,DE,BG,ES,GB",7,1,0.7944
6dc28c9c72,2015-11-03,PORT_CONGESTION,ES,7,1,0.7003
2e48fdc401,1446731297000,PORT_CONGESTION,"VI,JP",5,1,0.5597
4a32dc18fa,1446670878000,PORT_CONGESTION,UNKNOWN,7,1,0.7934
63fd7c27f4,2015-11-06,PORT_CONGESTION,VI,6,1,0.6703
ac2550ba6b,1446916402000,PORT_CONGESTION,"VI,DE",7,1,0.7755
06554f58c2,2015-11-09,PORT_CONGESTION,UNKNOWN,7,1,0.7903
52b6e79cb6,1447165560000,PORT_CONGESTION,"VI,JP,SG",6,1,0.6193
469cf4e03c,1447195722000,PORT_CONGESTION,"US,MX,VI",9,1,0.9161
945925e54f,2015-11-11,PORT_CONGESTION,UNKNOWN,8,1,0.8337
fcb98556e7,1447282514000,PORT_CONGESTION,NL,7,1,0.7952
d3e3086e1d,2015-11-12,GEOPOLITICAL,UNKNOWN,8,1,0.6335
b34d44b740,2015-11-13,PORT_CONGESTION,UNKNOWN,9,1,0.9158
e8822c0195,2015-11-18,LABOR_STRIKE,VI,5,1,0.5664
03947c3f21,2015-11-19,PORT_CONGESTION,GB,5,1,0.5149
0943a626e8,2015-11-19,PORT_CONGESTION,UNKNOWN,6,1,0.6838
1350abfed8,1448037615000,PORT_CONGESTION,"US,VI,GB",6,1,0.6345
389679f76b,2015-11-24,PORT_CONGESTION,UNKNOWN,8,1,0.8986
cfa0c9dfe2,2015-11-25,PORT_CONGESTION,"CN,US",9,1,0.9014
78cf82bc4d,2015-11-25,PORT_CONGESTION,"VI,CN,US",7,1,0.728
16268cbadc,1448788447000,PORT_CONGESTION,"CN,HK,VI",8,1,0.8852
e9260b2d3a,2015-12-03,PORT_CONGESTION,UNKNOWN,5,1,0.5253
eee0ea7ae5,1449169483000,PORT_CONGESTION,US,9,1,0.9232
a5ef2fe834,2015-12-04,PORT_CONGESTION,"CN,IN",6,1,0.6514
6b60ad1106,2015-12-07,PORT_CONGESTION,VI,8,1,0.8743
07f8bf72df,2015-12-07,PORT_CONGESTION,US,8,1,0.8903
6c8b1af74a,1449526048000,PORT_CONGESTION,UNKNOWN,7,1,0.7766
7d3a2f0164,2015-12-09,PORT_CONGESTION,"US,CN,JP,KR",8,1,0.8797
58609b592c,2015-12-10,PORT_CONGESTION,"VI,CN,CA",9,1,0.9178
e91b3896f0,2015-12-11,PORT_CONGESTION,UNKNOWN,9,1,0.9017
b103c0b26a,2015-12-14,PORT_CONGESTION,UNKNOWN,9,1,0.9148
5c88d7cef1,2015-12-14,PORT_CONGESTION,UNKNOWN,5,1,0.5924
a90b0e3a77,2015-12-14,PORT_CONGESTION,"VI,CN,AS",7,1,0.7795
a073f3b1b5,2015-12-14,PORT_CONGESTION,UNKNOWN,8,1,0.8904
6529a95957,2015-12-15,PORT_CONGESTION,"VI,MA,EG,VE,BZ,CA,US",8,1,0.8793
40053cab57,1450305801000,PORT_CONGESTION,VI,5,1,0.5553
a6974d180b,1450446742000,PORT_CONGESTION,"MM,JP,VI",5,1,0.5599
5d29798104,2015-12-18,PORT_CONGESTION,UNKNOWN,7,1,0.7156
50a52122ff,2015-12-18,PORT_CONGESTION,"IR,AF",8,1,0.8041
cda083090c,2015-12-18,PORT_CONGESTION,GB,7,1,0.7145
d377d0c8fc,2015-12-21,PORT_CONGESTION,UNKNOWN,6,1,0.6382
f43713fcb0,2015-12-21,PORT_CONGESTION,"VI,CN",7,1,0.7646
b74e4ae6e4,2015-12-21,PORT_CONGESTION,CN,7,1,0.7891
28f9a809f8,2015-12-23,PORT_CONGESTION,CH,7,1,0.7561
21a4feee0c,2015-12-28,PORT_CONGESTION,UNKNOWN,6,1,0.638
5018f1fbdf,2015-12-28,PORT_CONGESTION,VI,7,1,0.7218
f4bead65d5,2015-12-30,PORT_CONGESTION,UNKNOWN,5,1,0.5342
7d35bba765,2016-01-04,PORT_CONGESTION,CN,9,1,0.9205
e6ad193556,1452005818000,PORT_CONGESTION,"US,VI",8,1,0.8649
8eea88fbdb,2016-01-05,PORT_CONGESTION,"FR,GB",8,1,0.8573
17ba23987b,2016-01-06,PORT_CONGESTION,US,9,1,0.9146
a3407f45a9,2016-01-07,PORT_CONGESTION,UNKNOWN,9,1,0.915
502d18c960,2016-01-07,PORT_CONGESTION,UNKNOWN,8,1,0.8326
90dc5653d7,2016-01-08,PORT_CONGESTION,VI,9,1,0.9245
fac6b1100a,2016-01-08,PORT_CONGESTION,US,9,1,0.9275
25cee783f5,1452515727000,PORT_CONGESTION,"MM,SG,CN,TH,KH,LA,HK,VN",6,1,0.6295
16dece6981,2016-01-11,PORT_CONGESTION,US,9,1,0.9171
8d0c91459d,2016-01-12,PORT_CONGESTION,UNKNOWN,9,1,0.9269
658719ecaf,2016-01-15,PORT_CONGESTION,FR,5,1,0.5704
7bfa992d9d,1452900840000,PORT_CONGESTION,"US,MX,VI",6,1,0.685
fa0ead2939,2016-01-18,PORT_CONGESTION,MX,5,1,0.511
80ac77d92e,2016-01-19,PORT_CONGESTION,VI,8,1,0.8585
d2bba07410,1453306700000,PORT_CONGESTION,"RU,CN",6,1,0.6543
3c6a2d2b1d,1453738825000,PORT_CONGESTION,"GB,IE,VI,CN",5,1,0.5356
ad48020893,2016-01-25,PORT_CONGESTION,CH,9,1,0.9195
56c34c5ef5,2016-01-28,PORT_CONGESTION,UNKNOWN,7,1,0.7838
bb15ef27b4,2016-02-01,PORT_CONGESTION,"US,CN",9,1,0.9098
7a0b90bf90,2016-02-01,PORT_CONGESTION,CN,9,1,0.9115
405aef1e02,2016-02-01,PORT_CONGESTION,"VI,CN",9,1,0.9065
7d60d54d74,1454394113000,PORT_CONGESTION,"CN,VI,FR",6,1,0.6374
779ada80c5,1454348614000,PORT_CONGESTION,"RU,PL",8,1,0.8488
86552148cd,2016-02-04,PORT_CONGESTION,AU,8,1,0.8169
ac3a5bc2e5,2016-02-05,PORT_CONGESTION,UNKNOWN,7,1,0.7652
e5e54768f5,2016-02-05,PORT_CONGESTION,"VI,CN,UA",8,1,0.893
6ba3e55709,1454710578000,PORT_CONGESTION,UNKNOWN,5,1,0.5441
30c4cd0453,1454942627000,GEOPOLITICAL,"JP,VI",7,1,0.5876
7de9a21f70,1454940943000,PORT_CONGESTION,IN,6,1,0.6114
3fb635ac9d,2016-02-09,PORT_CONGESTION,UNKNOWN,5,1,0.4793
6027990a35,1455127074000,PORT_CONGESTION,"VI,CN,DE,US",5,1,0.5435
4a741993e8,2016-02-11,PORT_CONGESTION,"VI,US,GH",9,1,0.9243
3618a2821e,1455285043000,PORT_CONGESTION,"JP,SG,VI",5,1,0.5524
2ce1f4694c,2016-02-12,PORT_CONGESTION,"CN,IR,MY,ID",9,1,0.901
5a572c6fec,1455308599000,PORT_CONGESTION,"GB,US",8,1,0.8727
3c2f4f3f1b,2016-02-16,PORT_CONGESTION,UNKNOWN,5,1,0.4987
cc6f9be028,2016-02-17,PORT_CONGESTION,"CN,SG,HK,NL,GB",5,1,0.5629
df1be531d3,2016-02-18,PORT_CONGESTION,VI,7,1,0.772
d45e396cb9,1455824913000,PORT_CONGESTION,UNKNOWN,5,1,0.5923
5b80fbf70b,2016-02-19,PORT_CONGESTION,UNKNOWN,7,1,0.756
1bf6692769,2016-02-22,LABOR_STRIKE,UNKNOWN,6,1,0.6407
5756572395,2016-02-22,PORT_CONGESTION,UNKNOWN,6,1,0.6878
8c36d99da9,2016-02-23,PORT_CONGESTION,"CN,NL,BE,DE",5,1,0.5161
2b5b401dac,2016-02-24,PORT_CONGESTION,UNKNOWN,8,1,0.8936
3920c46669,1456351364000,PORT_CONGESTION,UNKNOWN,8,1,0.8704
5645fefcc9,2016-02-26,PORT_CONGESTION,UNKNOWN,8,1,0.8507
b40c34320a,2016-02-26,PORT_CONGESTION,"CN,KP",8,1,0.8007
028f5bf5c3,2016-02-26,PORT_CONGESTION,CN,5,1,0.5278
dc15dbc34b,2016-02-26,GENERAL_DISRUPTION,UNKNOWN,6,1,0.6469
9459ac417d,1456762090000,PORT_CONGESTION,"US,CN,VI,JP,CH",8,1,0.8152
965736fb82,1456751993000,PORT_CONGESTION,UNKNOWN,5,1,0.5698
33600dd2db,2016-02-29,PORT_CONGESTION,UNKNOWN,5,1,0.534
fc8367ce09,2016-02-29,PORT_CONGESTION,UNKNOWN,8,1,0.8338
5569af91bf,2016-03-01,PORT_CONGESTION,UNKNOWN,9,1,0.9006
3d342dda87,1456877549000,PORT_CONGESTION,US,7,1,0.7859
a9d9f56b83,1456866875000,PORT_CONGESTION,"US,VI",9,1,0.9084
2dd25b5435,1456864691000,PORT_CONGESTION,UNKNOWN,5,1,0.5811
c9cb7e06b4,2016-03-02,PORT_CONGESTION,UNKNOWN,8,1,0.8976
9b43d246c0,2016-03-02,PORT_CONGESTION,UNKNOWN,8,1,0.8495
8abf6bffe4,1456956949000,PORT_CONGESTION,VI,6,1,0.659
c0f93f197e,2016-03-03,PORT_CONGESTION,VI,7,1,0.751
9bd7a61a5a,2016-03-03,PORT_CONGESTION,UNKNOWN,8,1,0.8997
8d16742bfa,2016-03-03,PORT_CONGESTION,UNKNOWN,9,1,0.9135
71dd6b4435,2016-03-04,PORT_CONGESTION,UNKNOWN,8,1,0.8945
2d7ebe479f,2016-03-04,PORT_CONGESTION,GB,7,1,0.7458
3f0349b5e4,2016-03-04,PORT_CONGESTION,UNKNOWN,7,1,0.7758
fba236988f,2016-03-04,GEOPOLITICAL,UNKNOWN,10,1,0.8017
2095fba07b,2016-03-04,PORT_CONGESTION,VI,6,1,0.6199
ad7d47a9f6,2016-03-07,PORT_CONGESTION,VI,5,1,0.5067
6557ba5599,2016-03-07,PORT_CONGESTION,VI,9,2,0.6928
8fe4c881fd,2016-03-08,PORT_CONGESTION,"US,VI",5,1,0.5103
efd708b3da,2016-03-10,PORT_CONGESTION,UNKNOWN,8,1,0.8789
424cf78583,2016-03-10,PORT_CONGESTION,GB,7,1,0.7448
463bf66f9a,2016-03-10,PORT_CONGESTION,UNKNOWN,9,1,0.9157
fbb2bd431c,2016-03-11,PORT_CONGESTION,UNKNOWN,8,1,0.8944
95e5942887,2016-03-11,PORT_CONGESTION,UNKNOWN,6,1,0.689
e19a3b6d5d,1457732795000,PORT_CONGESTION,US,7,1,0.7365
f1eaeb99ba,2016-03-14,PORT_CONGESTION,UNKNOWN,9,1,0.9255
0932d553ba,2016-03-14,PORT_CONGESTION,UNKNOWN,9,1,0.9259
746c79a3d9,1458018266000,PORT_CONGESTION,"HK,VI",6,1,0.6245
5d38a7a271,2016-03-15,PORT_CONGESTION,SE,8,1,0.8609
58b03ef077,2016-03-15,PORT_CONGESTION,UNKNOWN,6,1,0.6981
edcc0a757a,2016-03-16,PORT_CONGESTION,UNKNOWN,6,1,0.6678
853c83e39c,2016-03-16,PORT_CONGESTION,UNKNOWN,5,1,0.5906
41e87962a4,2016-03-16,PORT_CONGESTION,VI,8,1,0.8475
d1f76960a3,1458164467000,PORT_CONGESTION,VI,5,1,0.5027
91effbb9b2,2016-03-17,PORT_CONGESTION,UNKNOWN,8,1,0.8376
f21bb6b81a,1458236696000,PORT_CONGESTION,VI,5,1,0.5127
b4e0e350e0,2016-03-21,PORT_CONGESTION,UNKNOWN,5,1,0.5342
b29c15b94b,2016-03-21,PORT_CONGESTION,VI,9,1,0.9188
a132bba626,2016-03-21,PORT_CONGESTION,UNKNOWN,7,1,0.7922
4cdc7c3a70,1458912512000,PORT_CONGESTION,"VI,US",7,1,0.7835
c87dd1649c,1458842967000,PORT_CONGESTION,"VI,GB",8,1,0.8418
ca2466d001,2016-03-28,PORT_CONGESTION,UNKNOWN,8,1,0.8482
3edbf3e464,1459260305000,PORT_CONGESTION,"DE,VI",5,1,0.4975
1de4f3aad1,1459260029000,PORT_CONGESTION,"VI,CN",6,1,0.6251
eb8096d47a,1459190215000,PORT_CONGESTION,UNKNOWN,8,1,0.8561
9fdd9313b4,2016-03-29,PORT_CONGESTION,CN,5,1,0.5155
05113793eb,2016-03-29,PORT_CONGESTION,UNKNOWN,6,1,0.6951
04837f7393,2016-03-29,PORT_CONGESTION,UNKNOWN,6,1,0.6337
02bb3cb8f9,1459457763000,PORT_CONGESTION,UNKNOWN,5,1,0.5581
98b9fb7fd5,1459531212000,PORT_CONGESTION,"RU,VI",8,1,0.8664
5def27f6f8,2016-04-04,PORT_CONGESTION,"VI,GB,GH",8,1,0.843
7e0a5705e7,2016-04-04,PORT_CONGESTION,BE,9,1,0.9313
94264b544f,2016-04-06,PORT_CONGESTION,UNKNOWN,8,1,0.8464
316e10bb9c,2016-04-07,PORT_CONGESTION,VI,5,1,0.5965
f8bc578c4b,2016-04-08,PORT_CONGESTION,UNKNOWN,6,1,0.6372
f78c162f39,1460296806000,PORT_CONGESTION,VI,6,1,0.6835
7c9fcaaed5,1460380160000,PORT_CONGESTION,"US,GB",5,1,0.5829
0c314678ba,2016-04-11,PORT_CONGESTION,VI,7,1,0.7561
b1754a3623,1460455491000,PORT_CONGESTION,UNKNOWN,8,1,0.8866
9171ba35a1,2016-04-12,PORT_CONGESTION,"VI,CA,MX,JP",8,1,0.8628
b5ca98ddd6,2016-04-13,PORT_CONGESTION,VI,9,1,0.9021
7e509412d4,2016-04-15,PORT_CONGESTION,UNKNOWN,9,1,0.9108
791491bf4f,2016-04-15,PORT_CONGESTION,"AU,IN,ID,VI",8,1,0.8215
d63734b25a,1460972919000,PORT_CONGESTION,"HK,CN",8,1,0.8822
01c331058f,2016-04-18,PORT_CONGESTION,UNKNOWN,8,1,0.8513
43f43ba347,2016-04-18,PORT_CONGESTION,"VI,GH",9,1,0.9217
cbf86e9c31,1461075233000,PORT_CONGESTION,VI,6,1,0.6115
3bbb47118f,2016-04-21,PORT_CONGESTION,UNKNOWN,6,1,0.657
2cee9f03b0,1461328478000,PORT_CONGESTION,UNKNOWN,7,1,0.7999
eb60e09296,2016-04-25,PORT_CONGESTION,"JP,CA",7,1,0.7808
5691ca5df3,1461764313000,PORT_CONGESTION,"VI,US",5,1,0.5527
c4ad70e9a6,2016-04-29,PORT_CONGESTION,VI,7,1,0.7774
a658caab4e,2016-04-29,PORT_CONGESTION,UNKNOWN,6,1,0.6173
292c36e773,1462207318000,LABOR_STRIKE,CN,6,1,0.6948
f59878cfef,2016-05-02,PORT_CONGESTION,"US,GH",9,2,0.4934
e64b7946fb,2016-05-03,PORT_CONGESTION,"AU,VI",6,1,0.6828
cdc2458e9d,1462381134000,PORT_CONGESTION,UNKNOWN,8,1,0.8189
62ad14128c,2016-05-05,PORT_CONGESTION,"AU,BR,CN",8,1,0.8617
07b9071a42,2016-05-09,PORT_CONGESTION,CN,5,1,0.5169
42f9be6cb3,2016-05-10,PORT_CONGESTION,UNKNOWN,7,1,0.7658
dcbc2c421f,1462980273000,GEOPOLITICAL,UNKNOWN,7,1,0.5149
f14fa1d4c0,2016-05-11,PORT_CONGESTION,VI,8,1,0.8529
987123c22a,2016-05-11,PORT_CONGESTION,"FR,IN,BR",6,1,0.6417
f38487961c,2016-05-12,PORT_CONGESTION,CN,7,1,0.7228
9738d7f067,2016-05-12,PORT_CONGESTION,UNKNOWN,8,1,0.8606
bc1ca52559,2016-05-13,PORT_CONGESTION,"VI,IR",6,1,0.6716
0f1379908c,1463491139000,PORT_CONGESTION,"CN,IN,ID",7,1,0.7341
a2d104472a,1463513529000,PORT_CONGESTION,"US,VI",9,1,0.9013
17839434c4,1463611545000,PORT_CONGESTION,VI,6,1,0.6393
da459c2eee,2016-05-19,PORT_CONGESTION,"VI,US,CL,MX,BR",6,1,0.6289
f73f216adb,2016-05-23,PORT_CONGESTION,VI,5,1,0.5954
ed1f93f033,2016-05-23,PORT_CONGESTION,UNKNOWN,5,1,0.5253
3df1ce0d00,2016-05-24,PORT_CONGESTION,UNKNOWN,8,1,0.8628
af4d5691ef,2016-05-25,PORT_CONGESTION,UNKNOWN,8,1,0.894
70c1194ce1,2016-05-31,PORT_CONGESTION,"CN,VI",9,1,0.9173
599227d0d5,2016-05-31,PORT_CONGESTION,UNKNOWN,5,1,0.5953
f0c2f39710,2016-06-02,PORT_CONGESTION,UNKNOWN,5,1,0.5347
48c134eef6,1464905072000,PORT_CONGESTION,VI,9,1,0.9033
737125cda2,1464902943000,PORT_CONGESTION,UNKNOWN,7,1,0.7895
ea85d94dd6,2016-06-06,PORT_CONGESTION,UNKNOWN,5,1,0.5586
6e618e995c,2016-06-06,PORT_CONGESTION,VI,8,1,0.8641
8cab09b4e5,2016-06-07,PORT_CONGESTION,UNKNOWN,7,1,0.7632
b5a1d04211,2016-06-09,GENERAL_DISRUPTION,UNKNOWN,6,1,0.6753
1dab858027,2016-06-10,PORT_CONGESTION,"VI,US,GH",6,1,0.6473
3fb77aebed,2016-06-13,PORT_CONGESTION,UNKNOWN,8,1,0.8567
5426c1b350,2016-06-13,GENERAL_DISRUPTION,UNKNOWN,5,1,0.5329
4a21db60ad,2016-06-13,PORT_CONGESTION,UNKNOWN,9,1,0.9062
6657dc05af,1465907990000,PORT_CONGESTION,BE,8,1,0.867
6a708b892b,2016-06-15,GEOPOLITICAL,"CN,JP",9,1,0.7537
ce1d07b820,2016-06-16,PORT_CONGESTION,UNKNOWN,7,1,0.7735
975eb22dcc,1466114632000,PORT_CONGESTION,VI,9,1,0.9072
c9203a6cbd,2016-06-17,PORT_CONGESTION,"CN,PA,BR,CA",6,1,0.663
4bdf7711b9,1466524841000,PORT_CONGESTION,UNKNOWN,9,1,0.9209
096f4626b1,1466448396000,PORT_CONGESTION,UNKNOWN,8,1,0.8977
769a30d02a,2016-06-21,LABOR_STRIKE,"VI,GB,AS",6,1,0.6598
deebdef379,2016-06-22,PORT_CONGESTION,GB,8,1,0.8299
80d483f3a9,2016-06-24,PORT_CONGESTION,UNKNOWN,9,1,0.9256
297f43dc31,2016-06-27,PORT_CONGESTION,VI,8,1,0.8678
e62839e9ba,2016-06-27,PORT_CONGESTION,UNKNOWN,6,1,0.6678
4bbad7b49f,1467152544000,PORT_CONGESTION,UNKNOWN,5,1,0.5522
806a2a27f6,1467142527000,PORT_CONGESTION,US,8,1,0.815
294243b95c,1467870920000,PORT_CONGESTION,"VI,CN,HK",5,1,0.5663
ace89e37ff,2016-07-07,PORT_CONGESTION,VI,9,1,0.9183
517f6303af,2016-07-11,PORT_CONGESTION,UNKNOWN,7,1,0.7613
7f5ccf86bc,1468441407000,PORT_CONGESTION,US,5,1,0.5028
6a95fa15e3,2016-07-14,PORT_CONGESTION,"VI,US,GH",8,1,0.8327
6d1d1dd3c9,1468591734000,PORT_CONGESTION,"MA,MY",5,1,0.5134
526093c804,2016-07-15,GEOPOLITICAL,UNKNOWN,7,1,0.5828
56a5b2e986,2016-07-19,PORT_CONGESTION,"FR,BE",5,1,0.5888
49e82e0a96,1469030736000,PORT_CONGESTION,UNKNOWN,6,1,0.6992
9274c41793,1468957669000,PORT_CONGESTION,UNKNOWN,7,1,0.7998
72b64fba27,2016-07-21,PORT_CONGESTION,VI,6,1,0.6818
cb1a2ac6c8,2016-07-22,PORT_CONGESTION,UNKNOWN,7,1,0.7042
e262ab730d,2016-07-26,PORT_CONGESTION,US,9,1,0.9114
4da0cecff5,1469632926000,PORT_CONGESTION,UNKNOWN,6,1,0.6292
fa89d65aca,1469556051000,PORT_CONGESTION,"CN,US,VI",7,1,0.7731
3eb39d63f4,1470067926000,PORT_CONGESTION,"JP,VI",5,1,0.511
2fb3e4ea43,2016-08-02,PORT_CONGESTION,UNKNOWN,5,1,0.5004
ce0deacade,2016-08-02,PORT_CONGESTION,"CN,RU",8,1,0.846
bc0773474d,1470230316000,GEOPOLITICAL,DE,7,1,0.5299
50c9811f59,1470157957000,PORT_CONGESTION,"AU,CN",8,1,0.8921
2731e95de2,2016-08-03,PORT_CONGESTION,"CN,MR",6,1,0.698
5acf7a807e,2016-08-03,PORT_CONGESTION,LK,6,1,0.6873
27c8ec10b6,2016-08-04,PORT_CONGESTION,UNKNOWN,7,1,0.7167
f413152f2f,1470402046000,PORT_CONGESTION,"GB,LK",9,1,0.924
b73cee61d6,2016-08-05,PORT_CONGESTION,"CN,BR,IN,AU,JP",9,1,0.929
32d694c104,2016-08-08,PORT_CONGESTION,"CN,VI",6,1,0.6194
01c9073892,2016-08-10,PORT_CONGESTION,UNKNOWN,7,1,0.7283
6702a2ebf0,2016-08-10,PORT_CONGESTION,UNKNOWN,8,1,0.8687
dc0cbe1eef,2016-08-10,PORT_CONGESTION,"VI,MX",5,1,0.5422
7dffc99ab7,2016-08-11,PORT_CONGESTION,UNKNOWN,7,1,0.73
70589d3f74,2016-08-11,PORT_CONGESTION,NL,5,1,0.5958
18ccf6bd77,2016-08-11,PORT_CONGESTION,"AU,VI,CA,MC,US",5,1,0.5172
d34c8eb948,2016-08-11,PORT_CONGESTION,"VI,US,GH",6,1,0.6673
987dc98933,1470996795000,PORT_CONGESTION,"NL,DE,US",8,1,0.8544
0d4b395324,2016-08-15,PORT_CONGESTION,GB,6,1,0.674
0ecc3778fa,1471365811000,PORT_CONGESTION,US,8,1,0.8425
e9a76b58da,2016-08-16,PORT_CONGESTION,UNKNOWN,5,1,0.5893
892052868e,2016-08-17,PORT_CONGESTION,UNKNOWN,5,1,0.5013
f9fb9381d1,2016-08-17,PORT_CONGESTION,UNKNOWN,5,1,0.5834
0f7f26e321,2016-08-18,PORT_CONGESTION,VI,7,1,0.7924
03dbe5a1ff,1471582788000,PORT_CONGESTION,UNKNOWN,9,1,0.93
60e6cd5c66,2016-08-22,PORT_CONGESTION,UNKNOWN,7,1,0.7219
01baeb77e0,1471943519000,PORT_CONGESTION,"VI,CN,TW,TH,IN,HK,VN,SG,PH",6,1,0.6701
796b26caa4,2016-08-23,PORT_CONGESTION,UNKNOWN,7,1,0.753
b5b378303e,2016-08-24,PORT_CONGESTION,"VI,US,JP",8,1,0.8864
3cc1f49ab6,1472130981000,PORT_CONGESTION,"HK,VI",9,1,0.9214
9549d7a64b,2016-08-25,PORT_CONGESTION,UNKNOWN,8,1,0.8294
4442f29f96,2016-08-25,PORT_CONGESTION,UNKNOWN,7,1,0.765
17e942fba6,2016-08-30,PORT_CONGESTION,UNKNOWN,5,1,0.5313
a38aa4a486,2016-08-31,PORT_CONGESTION,UNKNOWN,8,1,0.8148
7e2876577d,1472736576000,PORT_CONGESTION,IN,5,1,0.5914
f9496fb7f1,2016-09-02,PORT_CONGESTION,"CN,BR,VI,US",5,1,0.5572
33b8d60b20,2016-09-02,PORT_CONGESTION,"CN,VI",8,1,0.8179
91a5e7fa64,2016-09-02,PORT_CONGESTION,"US,CN,ES,GH",6,1,0.6054
adba5ab4e6,1473182780000,PORT_CONGESTION,UNKNOWN,9,1,0.9122
e4bb214350,2016-09-08,PORT_CONGESTION,UNKNOWN,6,1,0.614
179d9f997f,2016-09-08,PORT_CONGESTION,NO,8,1,0.8348
447849b03c,2016-09-12,PORT_CONGESTION,VI,7,1,0.7817
0e0c067ee4,2016-09-12,PORT_CONGESTION,UNKNOWN,9,1,0.9018
e16179aae1,1473781556000,PORT_CONGESTION,"DE,CN,PL,RU,KZ,FR",6,1,0.6671
3c025418d6,1473714081000,PORT_CONGESTION,UNKNOWN,7,1,0.7667
db23d8b4b0,2016-09-13,PORT_CONGESTION,UNKNOWN,8,1,0.8402
a4a946fdf8,2016-09-13,PORT_CONGESTION,"VI,US,GH",8,1,0.829
1215fab2d3,2016-09-15,PORT_CONGESTION,UNKNOWN,8,1,0.8502
fbd3f72f5b,2016-09-16,PORT_CONGESTION,VI,5,1,0.5276
14ba1a4663,1474046201000,PORT_CONGESTION,UNKNOWN,7,1,0.7205
53fba073a0,2016-09-19,PORT_CONGESTION,"VI,KR",9,1,0.9218
c89cfafc4e,2016-09-19,PORT_CONGESTION,KP,9,1,0.9307
97c8cf765f,2016-09-20,PORT_CONGESTION,UNKNOWN,5,1,0.5505
84a6e3e040,2016-09-20,PORT_CONGESTION,"VI,CN",9,1,0.9128
8002d8aa43,1474468774000,PORT_CONGESTION,"VI,US,FR",7,1,0.7352
62fcca23fb,1474509470000,PORT_CONGESTION,"ID,CN,DE,JP,HK,SG,VI",5,1,0.501
fc968699f8,1474488221000,PORT_CONGESTION,CH,9,1,0.9129
4506781886,2016-09-22,PORT_CONGESTION,VI,8,1,0.8387
952e2b81a2,2016-09-26,PORT_CONGESTION,UNKNOWN,6,1,0.668
f784c67968,1474917521000,PORT_CONGESTION,"HK,US",8,1,0.8617
2cc2b2d6ba,1475076968000,PORT_CONGESTION,US,7,1,0.7481
01244bbb3a,1475070653000,PORT_CONGESTION,"US,JP",9,1,0.9311
8c40923af0,1475003874000,PORT_CONGESTION,CN,6,1,0.6454
a189f0c086,2016-09-29,PORT_CONGESTION,UNKNOWN,7,1,0.7559
066169f216,2016-09-30,PORT_CONGESTION,VI,9,1,0.9206
3e06f6b20f,2016-09-30,PORT_CONGESTION,UNKNOWN,6,1,0.6303
448215bb50,2016-09-30,PORT_CONGESTION,UNKNOWN,8,1,0.8645
cf9dbbd186,1475596478000,PORT_CONGESTION,GB,6,1,0.6539
7a2eb6cbac,2016-10-06,PORT_CONGESTION,UNKNOWN,8,1,0.8674
deffadc305,1475882479000,PORT_CONGESTION,UNKNOWN,9,1,0.9256
885c83d1dc,2016-10-10,PORT_CONGESTION,VI,7,1,0.7339
784c26a270,1476122339000,PORT_CONGESTION,TH,7,1,0.709
6d1fe2cf89,2016-10-11,PORT_CONGESTION,UNKNOWN,8,1,0.8095
21e3845b2a,2016-10-11,PORT_CONGESTION,"CA,VI",8,1,0.8992
5d888e71e1,2016-10-11,PORT_CONGESTION,"VI,DE",7,1,0.7053
6b2fcd3954,1476290094000,PORT_CONGESTION,"US,CA,JP,CN,KR",7,1,0.787
62109a3a2c,2016-10-12,PORT_CONGESTION,UNKNOWN,7,1,0.7583
b89bae87b3,1476448285000,PORT_CONGESTION,CN,8,1,0.8988
4769e9c80c,1476390797000,PORT_CONGESTION,"CA,US",7,1,0.7431
8922d1e39d,1476703973000,PORT_CONGESTION,"US,KR,VI",8,1,0.841
1243a52bff,2016-10-17,PORT_CONGESTION,UNKNOWN,9,1,0.9121
6ee93885da,1476803171000,PORT_CONGESTION,UNKNOWN,5,1,0.5253
cd5ba311f2,1476823927000,PORT_CONGESTION,"US,GB",9,1,0.9011
51e365d8ee,1477562400000,PORT_CONGESTION,"AU,US,CN",7,1,0.7586
52052d7f59,1477502105000,PORT_CONGESTION,US,7,1,0.7891
7bf5fed65d,1477746059000,PORT_CONGESTION,"FR,DK,CN",8,1,0.823
96d8ef0a6c,1477939041000,PORT_CONGESTION,UNKNOWN,8,1,0.888
5c8cf3d1d5,2016-11-01,PORT_CONGESTION,UNKNOWN,5,1,0.5248
f396821d3f,1478028445000,PORT_CONGESTION,US,8,1,0.8538
a7f84b3400,2016-11-02,PORT_CONGESTION,UNKNOWN,5,1,0.5713
0a35720547,1478189879000,PORT_CONGESTION,"US,GB,VI",6,1,0.6696
2f0c4fcb84,2016-11-03,PORT_CONGESTION,UNKNOWN,5,1,0.5947
bd1f34a669,1478266993000,PORT_CONGESTION,"NZ,NL",7,1,0.7289
97761a2efb,1478524361000,PORT_CONGESTION,"JP,US,CN",7,1,0.7484
07a455136c,2016-11-07,PORT_CONGESTION,UNKNOWN,7,1,0.725
10ec1cbfb0,1478619933000,PORT_CONGESTION,UNKNOWN,6,1,0.6034
1d0c8957bc,2016-11-10,PORT_CONGESTION,UNKNOWN,5,1,0.5723
a3add1a60b,2016-11-10,PORT_CONGESTION,MX,6,1,0.6909
ddaa990e21,2016-11-11,PORT_CONGESTION,UNKNOWN,7,1,0.7868
13e3b7fcfd,1479045633000,PORT_CONGESTION,US,5,1,0.5759
7acd2f8cab,2016-11-14,PORT_CONGESTION,UNKNOWN,9,1,0.9299
61cd13db7c,2016-11-15,PORT_CONGESTION,"RU,BR,CA,KZ,FR",6,1,0.6311
6e22f507d1,2016-11-15,PORT_CONGESTION,VI,6,1,0.6134
9b5c5cbb69,1479507137000,GENERAL_DISRUPTION,"US,GE",5,1,0.5758
f53ea2ff00,2016-11-21,PORT_CONGESTION,UNKNOWN,6,1,0.6921
635196e50a,1480345263000,PORT_CONGESTION,"JP,MM",8,1,0.8251
fa9188dee2,2016-11-29,PORT_CONGESTION,UNKNOWN,9,1,0.9149
c8f65e2269,1480462487000,PORT_CONGESTION,"US,JP",8,1,0.8137
b20ee8287e,2016-11-30,PORT_CONGESTION,UNKNOWN,5,1,0.5141
8240ee9d4d,2016-12-06,PORT_CONGESTION,"JM,VI",6,1,0.6866
c0024450e8,1481063657000,PORT_CONGESTION,US,9,1,0.9179
4a266b1612,1481568254000,PORT_CONGESTION,IN,5,1,0.509
87b10cda5b,2016-12-14,PORT_CONGESTION,UNKNOWN,6,1,0.6108
4a8e731fba,1481808044000,PORT_CONGESTION,IN,8,1,0.8466
669bf0fecf,2016-12-16,PORT_CONGESTION,UNKNOWN,8,1,0.8517
878ec35fae,2016-12-19,PORT_CONGESTION,"US,GQ",7,1,0.7727
8cf93c2288,2016-12-19,PORT_CONGESTION,UNKNOWN,8,1,0.8734
6b0301e1b2,2016-12-19,PORT_CONGESTION,"VI,CN",6,1,0.632
fba480da25,2016-12-20,PORT_CONGESTION,UNKNOWN,6,1,0.6227
77ea7dd5cd,2016-12-20,PORT_CONGESTION,UNKNOWN,5,1,0.5318
f29920b169,2016-12-21,PORT_CONGESTION,"MX,VI",7,1,0.7929
281fd75cf8,2016-12-21,PORT_CONGESTION,"VI,CA,PR",7,1,0.7364
64ccba792b,2016-12-22,PORT_CONGESTION,UNKNOWN,6,1,0.6595
82397dc4a1,2016-12-22,PORT_CONGESTION,VI,7,1,0.7936
f635791575,2016-12-29,PORT_CONGESTION,UNKNOWN,9,1,0.9082
cd4c927dda,2016-12-29,PORT_CONGESTION,"VI,US,AS",9,1,0.9183
7fc2f35177,2017-01-04,PORT_CONGESTION,AT,8,1,0.8093
fe5688efd2,1484170359000,PORT_CONGESTION,US,8,1,0.8
497d307034,1484487009000,PORT_CONGESTION,US,9,1,0.9019
673cb13e9c,2017-01-17,LABOR_STRIKE,UNKNOWN,7,1,0.7106
040adcc48b,2017-01-19,PORT_CONGESTION,"CN,VN,BN,MY,PH,TW",6,1,0.6461
4e6d4da125,2017-01-23,PORT_CONGESTION,"BR,AU",9,1,0.9018
16bd8b1694,2017-01-23,PORT_CONGESTION,"CN,CR",6,1,0.692
b8202cf24e,2017-01-26,PORT_CONGESTION,UNKNOWN,5,1,0.4946
5df2dc7d9e,2017-01-27,PORT_CONGESTION,UNKNOWN,7,1,0.7726
e768cad2d0,2017-02-03,PORT_CONGESTION,UNKNOWN,7,1,0.7246
5bd4fc30c4,2017-02-03,PORT_CONGESTION,UNKNOWN,5,1,0.5281
ce2a9868f5,1486216825000,PORT_CONGESTION,"MX,US,CN,VI,CA",9,1,0.9192
20d061dcd5,2017-02-07,PORT_CONGESTION,"DE,VI,CA,US,GE",8,1,0.841
0971c8c5e7,1486568576000,PORT_CONGESTION,NL,6,1,0.6045
884d7cb3d3,1486652902000,PORT_CONGESTION,"HK,US,CN",5,1,0.5795
db58489ad7,1486593514000,PORT_CONGESTION,US,7,1,0.7456
611f06015b,1486908042000,PORT_CONGESTION,US,9,1,0.9158
6ba5dd3806,1486997702000,PORT_CONGESTION,"VI,JP,US",5,1,0.5072
c0fc88ba48,1487168270000,PORT_CONGESTION,RU,7,1,0.7605
4de59cca3f,1487187879000,PORT_CONGESTION,"US,VI",9,1,0.9279
34f85a9ff5,2017-02-16,PORT_CONGESTION,"CN,GB,MN,RU,KZ,DE,ES,JP,TW,KP,VN,TR",7,1,0.7676
6f6d459740,2017-02-21,PORT_CONGESTION,UNKNOWN,8,1,0.8221
4dd0d0a001,2017-02-27,PORT_CONGESTION,VI,8,1,0.8618
11eb63fdec,1488235070000,PORT_CONGESTION,US,8,1,0.8954
b1355bccdb,1488218845000,PORT_CONGESTION,US,9,1,0.9057
65489c294a,1488380009000,PORT_CONGESTION,UNKNOWN,6,1,0.6789
f21e30af58,1488362457000,PORT_CONGESTION,US,8,1,0.8149
199d3d2b5e,2017-03-01,PORT_CONGESTION,VI,7,1,0.7802
bc557913cf,2017-03-01,PORT_CONGESTION,UNKNOWN,9,1,0.9132
9ee7ab43f0,1488463811000,PORT_CONGESTION,UNKNOWN,8,1,0.8471
c57b46cc67,1488494607000,PORT_CONGESTION,"US,VI,CA",7,1,0.7161
e896e0f369,1488493168000,PORT_CONGESTION,"US,VI",9,1,0.9054
4d532017a2,2017-03-03,PORT_CONGESTION,VI,6,1,0.6694
a8d2634574,2017-03-03,PORT_CONGESTION,UNKNOWN,6,1,0.6538
e0730c875a,1488718856000,PORT_CONGESTION,UNKNOWN,8,1,0.8561
923900d744,1488982391000,PORT_CONGESTION,UNKNOWN,6,1,0.6774
9781091499,2017-03-08,PORT_CONGESTION,NL,5,1,0.4971
65d18b13d3,2017-03-08,PORT_CONGESTION,UNKNOWN,6,1,0.6031
40a032013c,1489008925000,PORT_CONGESTION,VI,8,1,0.8998
ac51695f4d,2017-03-09,PORT_CONGESTION,CN,7,1,0.7867
e3e4036437,2017-03-10,PORT_CONGESTION,US,6,1,0.6945
c580dc474a,2017-03-13,PORT_CONGESTION,UNKNOWN,9,1,0.9042
3e06e11107,2017-03-13,PORT_CONGESTION,VI,7,1,0.794
67d6bd4321,2017-03-13,LABOR_STRIKE,UNKNOWN,7,1,0.7986
433b8bf8be,2017-03-13,PORT_CONGESTION,UNKNOWN,9,1,0.9255
cec300bc18,2017-03-14,PORT_CONGESTION,UNKNOWN,7,1,0.7465
895ad1090e,2017-03-15,PORT_CONGESTION,"CN,IN",9,1,0.9272
93938c5629,2017-03-15,PORT_CONGESTION,GB,7,1,0.7413
0d4c9e3056,1489606118000,PORT_CONGESTION,US,8,1,0.8998
a63fa9b146,2017-03-16,PORT_CONGESTION,VI,9,1,0.9366
1db1f6f532,2017-03-16,PORT_CONGESTION,UNKNOWN,8,1,0.8998
5f16e53e52,2017-03-17,PORT_CONGESTION,"GB,VI",8,1,0.845
43cc9cb92c,1490013901000,PORT_CONGESTION,UNKNOWN,8,1,0.8397
68c61c4133,2017-03-20,PORT_CONGESTION,UNKNOWN,8,1,0.8883
b5793eb912,1490117298000,PORT_CONGESTION,UNKNOWN,9,1,0.9057
ba02c90c9d,1490202869000,PORT_CONGESTION,US,8,1,0.8989
30e22dd064,2017-03-24,PORT_CONGESTION,UNKNOWN,8,1,0.8927
c2a073e5f9,2017-03-24,PORT_CONGESTION,UNKNOWN,8,1,0.8345
9f7c35c643,2017-03-27,PORT_CONGESTION,UNKNOWN,6,1,0.6745
e4ffdc946e,2017-03-27,PORT_CONGESTION,UNKNOWN,7,1,0.7642
5850f45174,2017-03-28,PORT_CONGESTION,UNKNOWN,9,1,0.9032
f9e0c0366c,2017-03-28,PORT_CONGESTION,UNKNOWN,9,1,0.918
51488962d0,1490789438000,PORT_CONGESTION,HK,7,1,0.7896
989880712d,1490781602000,PORT_CONGESTION,UNKNOWN,5,1,0.58
292e7f7131,2017-03-29,PORT_CONGESTION,UNKNOWN,8,1,0.881
d3dcb6fb2f,2017-03-31,PORT_CONGESTION,UNKNOWN,9,1,0.9084
87377cbc45,2017-04-03,PORT_CONGESTION,UNKNOWN,8,1,0.8696
9add4e6e70,2017-04-03,PORT_CONGESTION,UNKNOWN,9,1,0.9085
c3e1675a63,2017-04-04,PORT_CONGESTION,UNKNOWN,7,1,0.7473
b322bae96a,2017-04-05,PORT_CONGESTION,UNKNOWN,8,1,0.8159
8a5840d3df,1491414892000,PORT_CONGESTION,"GB,CN",7,1,0.7552
e6e24e13ab,2017-04-06,PORT_CONGESTION,"GE,US,VI",8,1,0.8584
1973376ef5,2017-04-06,PORT_CONGESTION,VI,7,1,0.7717
d9b32cc90d,1491600575000,PORT_CONGESTION,UNKNOWN,9,1,0.906
b058e398b9,1491840831000,PORT_CONGESTION,JP,6,1,0.639
70e9562f00,2017-04-10,PORT_CONGESTION,"FR,GB",9,1,0.906
bec616c9c2,2017-04-10,PORT_CONGESTION,"DE,CH",7,1,0.7307
caa58266b3,2017-04-12,PORT_CONGESTION,CA,7,1,0.766
e529f3e0c8,2017-04-12,GENERAL_DISRUPTION,"US,AS,VI",8,1,0.8945
4f26c39a4a,2017-04-17,PORT_CONGESTION,UNKNOWN,8,1,0.8838
2de1afdd53,1492527246000,PORT_CONGESTION,UNKNOWN,8,1,0.8157
319866c34e,1492702889000,PORT_CONGESTION,UNKNOWN,6,1,0.6066
804d65d179,1492720573000,PORT_CONGESTION,UNKNOWN,8,1,0.8545
b137c44ee9,2017-04-21,PORT_CONGESTION,GB,8,1,0.8553
2d225e0f76,1492795426000,PORT_CONGESTION,UNKNOWN,6,1,0.6561
059adf7827,1493131976000,GEOPOLITICAL,AU,7,1,0.5
97e1ecb2d1,1493181117000,PORT_CONGESTION,UNKNOWN,8,1,0.8174
ce0877cd84,1493386931000,PORT_CONGESTION,"JP,US",5,1,0.5642
e87c4991f0,2017-05-01,PORT_CONGESTION,"VI,DJ",5,1,0.596
b92344dde5,2017-05-01,PORT_CONGESTION,UNKNOWN,7,1,0.7839
eaf49f78ae,2017-05-01,PORT_CONGESTION,"VI,MZ,CO,MY,CN",7,1,0.7551
221a4541ff,2017-05-02,PORT_CONGESTION,"US,GB",8,1,0.8573
a768634253,1493824424000,PORT_CONGESTION,"NL,US,VI,CN",5,1,0.5128
07a5ddcf7a,1493752899000,PORT_CONGESTION,US,8,1,0.8243
371add48f3,2017-05-03,PORT_CONGESTION,UNKNOWN,5,1,0.5947
c8126c9590,2017-05-04,PORT_CONGESTION,UNKNOWN,6,1,0.654
91287c6e45,1493982796000,PORT_CONGESTION,"SG,HK",8,1,0.8975
d948e4a374,2017-05-08,PORT_CONGESTION,"CA,VI",6,1,0.6666
c0f6234626,2017-05-08,PORT_CONGESTION,UNKNOWN,5,1,0.5391
f01a364e42,2017-05-09,PORT_CONGESTION,UNKNOWN,9,1,0.9053
3ca7319b74,1494423620000,PORT_CONGESTION,"JP,US,CN",7,1,0.7755
b7c15fc475,2017-05-10,PORT_CONGESTION,UNKNOWN,6,1,0.6199
6d62cceed8,1494508131000,PORT_CONGESTION,"GB,NL,CN,US",5,1,0.5179
fa65efccc1,2017-05-11,PORT_CONGESTION,UNKNOWN,8,1,0.822
01a1253876,1494523971000,PORT_CONGESTION,"US,MX,IN,VI,JP",7,1,0.7615
f0ed404a70,1494614904000,PORT_CONGESTION,"US,VI",6,1,0.6457
626039e768,2017-05-15,PORT_CONGESTION,UNKNOWN,5,1,0.5056
da1fd5d2c9,1494930689000,PORT_CONGESTION,US,7,1,0.7652
1641365d66,2017-05-16,PORT_CONGESTION,UNKNOWN,8,1,0.8531
84ae9ed46a,1494963674000,PORT_CONGESTION,"LA,US",8,1,0.8845
5c733542d4,2017-05-17,SUPPLIER_FINANCIAL,UNKNOWN,8,1,0.6399
de26e60fd8,1495115431000,PORT_CONGESTION,BD,8,1,0.8511
70246b81f6,2017-05-18,GENERAL_DISRUPTION,UNKNOWN,5,1,0.5711
e77d63d78f,1495202077000,PORT_CONGESTION,IN,6,1,0.6506
a235635bc5,2017-05-19,PORT_CONGESTION,TR,6,1,0.6163
b2576903c8,2017-05-23,PORT_CONGESTION,UNKNOWN,6,1,0.6461
87b1d17305,1495571330000,PORT_CONGESTION,"IL,ES,GB,US,JM",8,1,0.8003
9caa66174d,1495804863000,PORT_CONGESTION,"MM,JP,CN",5,1,0.5086
4875e9c1d0,1496324757000,PORT_CONGESTION,VI,9,1,0.9041
ac7c8efe3d,2017-06-05,GENERAL_DISRUPTION,UNKNOWN,7,1,0.7909
de36f0e25f,2017-06-05,PORT_CONGESTION,UNKNOWN,8,1,0.8062
fd50f71ce0,1496760250000,PORT_CONGESTION,DE,7,1,0.7933
d4e32a0a78,1496746673000,PORT_CONGESTION,"GB,HK,VI,DE,CH,CN,NL,FR",6,1,0.6777
ceaa2ece61,1496737142000,PORT_CONGESTION,SG,8,1,0.822
275d9968cd,2017-06-06,PORT_CONGESTION,UNKNOWN,7,1,0.7266
940f1eea6f,1496865730000,PORT_CONGESTION,UNKNOWN,8,1,0.8813
9690047bc4,2017-06-08,PORT_CONGESTION,UNKNOWN,6,1,0.641
4ceb0b5b7b,1497047135000,PORT_CONGESTION,VI,9,1,0.9211
0952f0d3ea,2017-06-13,PORT_CONGESTION,VI,9,1,0.9322
eac347d07e,2017-06-14,PORT_CONGESTION,CH,8,1,0.8875
0d14c4a9a3,2017-06-15,PORT_CONGESTION,"CN,GB",9,1,0.9163
64edbf89ef,1497563651000,PORT_CONGESTION,"US,NL,BE",6,1,0.604
72cda4b510,2017-06-16,PORT_CONGESTION,UNKNOWN,8,1,0.881
aff187037b,2017-06-16,PORT_CONGESTION,UNKNOWN,7,1,0.7458
e788b9c260,1497974432000,PORT_CONGESTION,KN,9,1,0.9299
0d468346bc,1497970483000,PORT_CONGESTION,"CN,SG,RU,US",8,1,0.8669
3e836514a2,1497961664000,PORT_CONGESTION,UNKNOWN,9,1,0.9228
af3d89f3db,2017-06-20,PORT_CONGESTION,"VI,CA",5,1,0.5771
25156d0a96,1498150559000,PORT_CONGESTION,"HK,CN",9,1,0.9194
3338e90d21,2017-06-23,LABOR_STRIKE,GB,7,1,0.7311
9af0b59b90,2017-06-23,PORT_CONGESTION,UNKNOWN,5,1,0.5563
2821d235f7,1498576035000,PORT_CONGESTION,"LA,US,UA,AF",7,1,0.765
36376e1a0b,1498512304000,PORT_CONGESTION,US,7,1,0.7557
a6c059464c,2017-06-27,PORT_CONGESTION,VI,5,1,0.5295
a80e039e64,1498668640000,PORT_CONGESTION,"AF,BE,CA,US",8,1,0.8966
95a7df1377,1498649549000,PORT_CONGESTION,"CN,US,GH",9,1,0.9321
601e596d9a,1498648657000,PORT_CONGESTION,IN,9,1,0.9006
3accc32984,1498601000000,PORT_CONGESTION,"US,GH",7,1,0.751
cad5fed3f8,2017-06-28,PORT_CONGESTION,UNKNOWN,8,1,0.8416
e26d522ceb,1498745436000,PORT_CONGESTION,"CN,VI",8,1,0.8699
701510fa66,1498743625000,PORT_CONGESTION,IN,9,1,0.9185
06e87736fc,1498702280000,PORT_CONGESTION,UNKNOWN,8,1,0.8872
782539886a,1498680766000,PORT_CONGESTION,"US,UA,AU",9,1,0.9106
9bc5f3ffdc,1498829013000,PORT_CONGESTION,BR,9,1,0.9087
31a81dc4b8,1498800840000,PORT_CONGESTION,"ES,BE,CN",6,1,0.6807
fa2f486732,1498769191000,PORT_CONGESTION,US,9,1,0.916
9c8676c461,1498768947000,PORT_CONGESTION,US,9,1,0.9066
d5430052f1,2017-06-30,PORT_CONGESTION,"VI,US",5,1,0.563
a65c17da27,1498861550000,PORT_CONGESTION,US,8,1,0.8809
6fe5aea104,1498850784000,PORT_CONGESTION,"LA,US",8,1,0.8535
3d3a76a176,1499102296000,PORT_CONGESTION,US,9,1,0.9284
32a2b6a399,1499271800000,PORT_CONGESTION,"US,VI,GH,RU",8,1,0.8695
8aedf27c5a,2017-07-05,PORT_CONGESTION,UNKNOWN,5,1,0.5149
19533e220c,1499439061000,PORT_CONGESTION,UNKNOWN,8,1,0.8983
ef8ce0e21e,1499409879000,PORT_CONGESTION,UNKNOWN,8,1,0.8996
91b4e55667,2017-07-07,PORT_CONGESTION,"BR,US",8,1,0.8803
bd7cd28034,1499518836000,PORT_CONGESTION,"PG,FR",6,1,0.6442
afabc3b1e5,2017-07-10,PORT_CONGESTION,KE,8,1,0.8233
5e3a4f9317,2017-07-10,PORT_CONGESTION,"IN,CN,VI",6,1,0.6879
dae6839963,1499726069000,PORT_CONGESTION,"JM,US",9,1,0.9119
827ab4ccc9,2017-07-11,PORT_CONGESTION,"VI,IN,ES,NL",8,1,0.8062
e55422dfa5,1499877643000,PORT_CONGESTION,US,7,1,0.7468
e5ee10b2d5,1499812749000,PORT_CONGESTION,"JM,US",9,1,0.9078
28ed015903,2017-07-12,PORT_CONGESTION,UNKNOWN,6,1,0.6304
cdce9abfcd,2017-07-12,PORT_CONGESTION,UNKNOWN,7,1,0.7452
0fd3fbedcb,1499963925000,PORT_CONGESTION,UA,9,1,0.9136
b558011520,1499944850000,PORT_CONGESTION,CN,8,1,0.8673
a793976262,1499942989000,PORT_CONGESTION,UNKNOWN,9,1,0.9142
6cf241f130,2017-07-13,PORT_CONGESTION,VI,6,1,0.6838
1cf64a77fe,2017-07-13,PORT_CONGESTION,VI,5,1,0.5847
a3ed2b2f4c,1500012382000,PORT_CONGESTION,UNKNOWN,8,1,0.8924
ca7a128d42,2017-07-14,PORT_CONGESTION,"CN,GB,FR",5,1,0.5863
05de216ce3,2017-07-14,PORT_CONGESTION,NZ,6,1,0.655
600e84d10e,2017-07-14,PORT_CONGESTION,"US,VI",7,1,0.7366
c50d73092b,2017-07-17,GENERAL_DISRUPTION,"AS,VI,US",6,1,0.6421
d5f6e537cf,1500389562000,PORT_CONGESTION,US,6,1,0.6483
b9d3f153fe,2017-07-18,GENERAL_DISRUPTION,US,5,1,0.5218
af07352d8e,1500412736000,PORT_CONGESTION,"JM,US",8,1,0.8986
bb061d2f32,2017-07-19,PORT_CONGESTION,"VI,GH,RU",6,1,0.6369
7685676f9a,1500561827000,PORT_CONGESTION,UNKNOWN,5,1,0.5751
02e12d6536,2017-07-20,GEOPOLITICAL,UNKNOWN,10,1,0.9032
c932b29f47,2017-07-21,PORT_CONGESTION,UNKNOWN,5,1,0.567
a964249ccb,1500906439000,PORT_CONGESTION,"US,BR,CN,VI",8,1,0.8769
65bbb22362,2017-07-24,PORT_CONGESTION,UNKNOWN,6,1,0.6133
1743d287b7,1501171056000,PORT_CONGESTION,UNKNOWN,9,1,0.9326
eabd1f698e,1501248161000,PORT_CONGESTION,"JP,US,HK",6,1,0.6192
7f2e67c903,2017-07-28,PORT_CONGESTION,UNKNOWN,7,1,0.7971
1363e96cd6,2017-07-28,PORT_CONGESTION,"KI,VI",8,1,0.8361
623fbc9b3d,2017-07-28,PORT_CONGESTION,UNKNOWN,5,1,0.5521
9cda14bcc6,1501671106000,PORT_CONGESTION,CN,8,1,0.8679
7d79dcd9c1,1501628142000,PORT_CONGESTION,HK,8,1,0.8703
f0669d9b45,2017-08-02,PORT_CONGESTION,UNKNOWN,8,1,0.857
3e0289ea8e,1501773911000,PORT_CONGESTION,US,7,1,0.7525
ea0ff9a104,2017-08-03,PORT_CONGESTION,GB,7,1,0.768
e1e0a94313,1501860232000,PORT_CONGESTION,JP,5,1,0.5073
7b1e71b2c1,1501850523000,PORT_CONGESTION,"US,BD,AU,VN,CN,IN",8,1,0.8627
8feac0e8c4,1501848609000,PORT_CONGESTION,"NL,US",7,1,0.7512
9ce5128fa5,2017-08-09,PORT_CONGESTION,UNKNOWN,8,1,0.8048
0e445b69e9,2017-08-09,PORT_CONGESTION,BR,7,1,0.7374
672306dc7f,1502299124000,LABOR_STRIKE,US,9,1,0.9091
46553f079f,2017-08-10,PORT_CONGESTION,UNKNOWN,7,1,0.7615
f866cb647b,2017-08-10,PORT_CONGESTION,UNKNOWN,9,1,0.9016
40be75a47a,2017-08-10,PORT_CONGESTION,US,5,1,0.5344
a6190c8a5f,2017-08-10,PORT_CONGESTION,"GE,VI",5,1,0.5328
c0bc3ebd2d,2017-08-11,GENERAL_DISRUPTION,"VI,AS",8,1,0.8754
bdce19e8f0,1502710925000,PORT_CONGESTION,UNKNOWN,5,1,0.5499
2fdf1fc934,1502802281000,PORT_CONGESTION,"SG,BE,CN",7,1,0.7759
76fad6659b,1502747604000,PORT_CONGESTION,US,5,1,0.5047
ad494108f5,2017-08-15,PORT_CONGESTION,UNKNOWN,7,1,0.7762
aecb97f5e7,1502897133000,PORT_CONGESTION,"US,GH,ID,SG,HK",9,1,0.9105
847a46a469,1502830325000,PORT_CONGESTION,UNKNOWN,9,1,0.9087
a6566db128,1502980349000,PORT_CONGESTION,"GB,NL,SE,FI,EE,DK,LT,RU,PL,FR,DE",8,1,0.8915
69bbdf293d,1503069092000,PORT_CONGESTION,"US,HK",5,1,0.5704
f10f775272,1503006254000,PORT_CONGESTION,"LA,US",8,1,0.8322
328890ceb1,2017-08-18,PORT_CONGESTION,VI,6,1,0.6887
4c24fa08ca,2017-08-18,PORT_CONGESTION,"VI,US,AS,CN,IN",6,1,0.6631
fb7de35d57,1503317863000,PORT_CONGESTION,"SG,IN,US,GH",8,1,0.8686
701c5d9cd9,2017-08-22,PORT_CONGESTION,LB,6,1,0.6143
457ce2337c,2017-08-22,GEOPOLITICAL,"GB,IE",8,1,0.6776
0d52956317,2017-08-22,PORT_CONGESTION,UNKNOWN,8,1,0.82
355c141b3e,1503429021000,PORT_CONGESTION,"QA,SA,OM",8,1,0.8514
4a4099f468,2017-08-23,PORT_CONGESTION,UNKNOWN,7,1,0.7766
1dfc913f8c,1503526232000,PORT_CONGESTION,UNKNOWN,7,1,0.7829
0dda7fa03b,2017-08-24,PORT_CONGESTION,CN,8,1,0.8306
cb2f062793,1503672646000,PORT_CONGESTION,"VI,US",7,1,0.7545
937912ad89,1503611321000,PORT_CONGESTION,US,9,1,0.9253
32e4f18ec7,2017-08-25,PORT_CONGESTION,UNKNOWN,5,1,0.571
d8d7b1b786,2017-08-28,PORT_CONGESTION,UA,7,1,0.7752
d5ad226a42,2017-08-29,PORT_CONGESTION,UNKNOWN,5,1,0.5063
c3b75f9988,1504107934000,PORT_CONGESTION,UNKNOWN,8,1,0.8947
deb2f85de5,1504037974000,PORT_CONGESTION,"US,BS",5,1,0.5748
857712520c,2017-08-30,PORT_CONGESTION,US,8,1,0.8716
f6c7e519e2,1504186545000,PORT_CONGESTION,US,9,1,0.9015
9e3ca9f1de,1504179393000,PORT_CONGESTION,"CN,HK,KZ,UZ,KG,TJ,TM,GE,AM,AZ,UA",8,1,0.8248
e09913d6b2,1504129037000,PORT_CONGESTION,GB,8,1,0.8012
28d4584f13,1504271326000,PORT_CONGESTION,CA,9,1,0.915
fa964e65c3,1504263956000,PORT_CONGESTION,UNKNOWN,8,1,0.8351
0d7ef98917,1504249905000,GEOPOLITICAL,"HK,VI",7,1,0.5451
79b0d081e1,2017-09-06,PORT_CONGESTION,VI,5,1,0.514
40688b6f19,1504820018000,PORT_CONGESTION,"BE,KR,IN,TH,GB",7,1,0.7835
fb8019fa6e,1504962044000,PORT_CONGESTION,US,8,1,0.879
4943d6414e,1504890230000,PORT_CONGESTION,"US,VI,DE",9,1,0.9098
7ac2a9e135,1505044801000,PORT_CONGESTION,UNKNOWN,9,1,0.917
e23d1de28e,2017-09-11,PORT_CONGESTION,UNKNOWN,9,1,0.9006
9105b3ab33,2017-09-11,PORT_CONGESTION,VI,8,1,0.8704
8dec86c7be,1505327952000,PORT_CONGESTION,US,8,1,0.8877
4452c7390a,1505440978000,PORT_CONGESTION,US,8,1,0.8789
f71d1e161d,2017-09-15,GENERAL_DISRUPTION,UNKNOWN,6,1,0.6706
f9803a8d78,2017-09-15,GENERAL_DISRUPTION,UNKNOWN,5,1,0.5831
f5a21d326f,1505733464000,PORT_CONGESTION,IN,8,1,0.8715
5b3b0d1571,1505818776000,PORT_CONGESTION,US,9,1,0.9122
cada070755,2017-09-19,PORT_CONGESTION,"CN,AU",8,1,0.8226
63980af87c,1505911920000,PORT_CONGESTION,UNKNOWN,7,1,0.7268
5594cd6120,2017-09-20,GENERAL_DISRUPTION,US,8,1,0.8241
2653743a2e,2017-09-22,LABOR_STRIKE,"VI,CA,MX",7,1,0.7866
f2809396a1,2017-09-25,PORT_CONGESTION,"CN,SG,HK",7,1,0.7392
2d65a49981,2017-09-25,PORT_CONGESTION,UNKNOWN,8,1,0.8816
aa032ec35d,2017-09-27,WEATHER_EVENT,"MP,VI",10,1,0.8716
39c2c7f303,1506625577000,PORT_CONGESTION,UNKNOWN,9,1,0.919
6fdb028ad5,2017-09-29,PORT_CONGESTION,DE,5,1,0.5887
fc13e2ede4,2017-10-02,PORT_CONGESTION,UNKNOWN,9,1,0.902
9cd7aad5a0,2017-10-03,PORT_CONGESTION,UNKNOWN,8,1,0.8392
184d390758,2017-10-05,PORT_CONGESTION,CA,8,1,0.8886
ac23bea46b,2017-10-09,PORT_CONGESTION,UNKNOWN,5,1,0.5216
3940d2e875,2017-10-09,PORT_CONGESTION,UNKNOWN,8,1,0.8604
91bdcb4c31,1507806883000,PORT_CONGESTION,"NL,KR",8,1,0.8844
7b3175e272,1507750801000,PORT_CONGESTION,FR,6,1,0.6763
6ff69ea7ff,2017-10-13,PORT_CONGESTION,"PR,AR,BF,VI",6,1,0.6544
a3a960afe3,1507926137000,PORT_CONGESTION,UNKNOWN,8,1,0.86
1ca11ab9e8,1508162998000,PORT_CONGESTION,US,6,1,0.6744
af47b1adde,1508150471000,PORT_CONGESTION,UNKNOWN,9,1,0.9191
11478cba8b,2017-10-16,PORT_CONGESTION,UNKNOWN,6,1,0.6186
b25a11c079,2017-10-17,PORT_CONGESTION,"VI,CN,IN",7,1,0.7605
49eb4b0150,1508775925000,PORT_CONGESTION,"JP,MM",5,1,0.5104
f73fe2a673,1508938489000,PORT_CONGESTION,UNKNOWN,8,1,0.8583
4bb911347b,1508936511000,PORT_CONGESTION,"HK,BE",9,1,0.9386
d4ebe9cdc9,1509023554000,PORT_CONGESTION,"DE,BE,ZA,VI,CN",6,1,0.6991
c75e7e99dd,1509278453000,PORT_CONGESTION,VI,7,1,0.7308
a9a9c544d2,1509377075000,PORT_CONGESTION,"VI,US",8,1,0.8278
9b77d8b791,1509394759000,PORT_CONGESTION,US,7,1,0.7461
dacb4cdf53,1509544498000,PORT_CONGESTION,BD,8,1,0.8723
e9d0e60a52,1509534273000,PORT_CONGESTION,IN,8,1,0.8881
260fcc0863,1509484621000,PORT_CONGESTION,"LA,US",8,1,0.8694
984cc33578,1509636043000,PORT_CONGESTION,"VI,US",8,1,0.8109
10e2b65e7f,1509619029000,PORT_CONGESTION,UNKNOWN,5,1,0.5634
86b8306bc0,1509986578000,PORT_CONGESTION,UNKNOWN,8,1,0.857
7b467c3422,1509984097000,PORT_CONGESTION,UNKNOWN,8,1,0.8349
c61e5e581b,1509979794000,PORT_CONGESTION,IN,8,1,0.8442
98dd13fa88,1509995018000,PORT_CONGESTION,UNKNOWN,9,1,0.9091
b7278d5652,1510141011000,PORT_CONGESTION,US,8,1,0.8137
d24bf46996,1510321778000,PORT_CONGESTION,VI,5,1,0.5441
c4272a999c,1510591179000,PORT_CONGESTION,US,9,1,0.9199
da8a0cc3d5,1510662021000,PORT_CONGESTION,"CN,TH",6,1,0.6513
c33d06c0d7,1510752654000,PORT_CONGESTION,UNKNOWN,8,1,0.8927
501ac7967b,1510829685000,PORT_CONGESTION,"HK,CN,VI",7,1,0.774
20e918efe4,1510783327000,PORT_CONGESTION,US,9,1,0.9366
8ed57cff94,1510768425000,PORT_CONGESTION,IN,5,1,0.5073
0b779652c2,1510935476000,PORT_CONGESTION,DK,5,1,0.503
b05fdcf062,1510856188000,PORT_CONGESTION,"US,CA",9,1,0.9177
47b8566032,1511262006000,PORT_CONGESTION,"US,CN,VI",7,1,0.7562
b2ade2f7e5,1511535918000,PORT_CONGESTION,BE,9,1,0.9328
9b3cfcb7ec,1511971326000,PORT_CONGESTION,"PL,DE,AU,LV,LT,FI",7,1,0.79
ff74479042,1512055400000,PORT_CONGESTION,UNKNOWN,9,1,0.9171
6d5520c941,1512400457000,PORT_CONGESTION,US,9,1,0.9138
61f31722b7,1512413173000,PORT_CONGESTION,UNKNOWN,8,1,0.8101
7d35587bd5,1512664530000,PORT_CONGESTION,BD,8,1,0.8818
bf50212f52,1512658230000,PORT_CONGESTION,"LA,US,VI",9,1,0.9183
afa54ac98b,1512597042000,PORT_CONGESTION,US,9,1,0.9007
6196c686d3,1513093728000,PORT_CONGESTION,UNKNOWN,8,1,0.8731
3974a99494,1513031006000,PORT_CONGESTION,"US,CN,DE,VI",9,1,0.9186
ca2961928d,1513016626000,PORT_CONGESTION,RU,7,1,0.784
fdc2c48937,2017-12-12,PORT_CONGESTION,AU,7,1,0.7404
128f3353ae,2017-12-13,PORT_CONGESTION,"VI,US",6,1,0.653
52b507cdfd,1513204544000,PORT_CONGESTION,UNKNOWN,8,1,0.8907
89a9a6140c,1513201314000,PORT_CONGESTION,"US,LA,VI",7,1,0.7208
51986424ca,1513190253000,PORT_CONGESTION,VI,9,1,0.9102
2441bf83af,2017-12-14,PORT_CONGESTION,"MY,IN,ID,VN,BD,PH,SG",6,1,0.6847
c32a11416a,1513272105000,PORT_CONGESTION,"BR,CV",5,1,0.5458
15b23fc709,1513371773000,PORT_CONGESTION,"US,VI",6,1,0.6528
66c4ed7e8c,1513369217000,PORT_CONGESTION,US,8,1,0.8781
2f22bdb165,1513610777000,PORT_CONGESTION,"NL,DE,VI",8,1,0.8244
16e36f4a42,2017-12-18,PORT_CONGESTION,UNKNOWN,8,1,0.8106
2902b80a0f,2017-12-18,PORT_CONGESTION,US,8,1,0.8943
ca824de227,1513636687000,PORT_CONGESTION,"US,VI",9,1,0.9178
15690e617d,1513619794000,PORT_CONGESTION,US,9,1,0.9212
f98447959c,2017-12-19,PORT_CONGESTION,UNKNOWN,9,1,0.9049
faf1979396,2017-12-19,GEOPOLITICAL,GB,8,1,0.6704
9b3ec9605e,2017-12-20,PORT_CONGESTION,"VI,CA",7,1,0.7479
65899dfc76,1513850311000,PORT_CONGESTION,"GB,DE",8,1,0.8464
e109e1c24f,1513791954000,PORT_CONGESTION,UNKNOWN,9,1,0.9032
f8b2637821,2017-12-22,PORT_CONGESTION,UNKNOWN,6,1,0.6779
ba831ea25b,2017-12-22,PORT_CONGESTION,VI,5,1,0.556
f8e9a553b8,1513963565000,PORT_CONGESTION,US,9,1,0.9361
668e92dd29,1514316020000,PORT_CONGESTION,"US,CA",9,1,0.9211
29066225ec,1514479933000,PORT_CONGESTION,"US,VI",8,1,0.8369
657baa4c04,1514411499000,PORT_CONGESTION,"US,VI",7,1,0.7835
ef2b5aade1,1514489519000,PORT_CONGESTION,"LR,HK,IN,VI,GB,CN,CH",9,1,0.9254
3a2b5c5697,1514480868000,PORT_CONGESTION,UNKNOWN,5,1,0.5574
100a1d3844,1514638800000,PORT_CONGESTION,UNKNOWN,9,1,0.9103
550a1abf66,1514569270000,PORT_CONGESTION,US,9,1,0.9229
61179a982e,1514811600000,PORT_CONGESTION,UNKNOWN,9,1,0.9207
c6a0c18545,1514743200000,PORT_CONGESTION,US,8,1,0.8885
3b9ec5daed,1514910705000,PORT_CONGESTION,IN,8,1,0.8486
b065499f94,1514906857000,PORT_CONGESTION,UNKNOWN,8,1,0.8328
b1ee8a0180,2018-01-02,PORT_CONGESTION,"SG,CN",6,1,0.6514
2e1fe32fb8,2018-01-02,PORT_CONGESTION,UNKNOWN,5,1,0.5624
507f5a4c49,1514994991000,PORT_CONGESTION,UNKNOWN,5,1,0.5436
06fb0e4e28,1514933057000,PORT_CONGESTION,"US,VI",8,1,0.8823
a6e694e79a,1514927390000,PORT_CONGESTION,US,8,1,0.8855
c9f1821410,1515015327000,PORT_CONGESTION,IN,7,1,0.7962
2cfe1f967d,1515010110000,PORT_CONGESTION,"US,KN",9,1,0.9322
8a856c6538,1515162145000,PORT_CONGESTION,US,8,1,0.8499
5dc9a9fb87,1515156907000,PORT_CONGESTION,IN,8,1,0.8763
0f6be5a2ae,1515104941000,PORT_CONGESTION,UNKNOWN,8,1,0.8902
0687c3126a,1515190182000,PORT_CONGESTION,US,7,1,0.7709
6ee92741a3,1515183742000,PORT_CONGESTION,US,9,1,0.9187
5890164819,1515420361000,PORT_CONGESTION,"IN,AE",5,1,0.5591
3067e6c79c,2018-01-08,PORT_CONGESTION,UNKNOWN,7,1,0.7341
87fba4d033,1515447762000,PORT_CONGESTION,"CA,US,VI",8,1,0.8531
8d7bc4b9fa,2018-01-09,LABOR_STRIKE,"MX,VI,US,AS",7,1,0.7863
1ac2e89afb,2018-01-09,PORT_CONGESTION,KN,7,1,0.7097
d12504821f,1515521797000,PORT_CONGESTION,UNKNOWN,9,1,0.9118
704fb0474a,2018-01-10,PORT_CONGESTION,UNKNOWN,7,1,0.783
4a5360924d,1515626299000,PORT_CONGESTION,"US,GB",9,1,0.9003
452004fbfd,1515611890000,PORT_CONGESTION,"CA,KN",9,1,0.9198
d7696b15ae,1515707168000,PORT_CONGESTION,US,9,1,0.9042
171ae85112,1515705161000,PORT_CONGESTION,UNKNOWN,8,1,0.8458
9b3ed64eb8,1515938400000,PORT_CONGESTION,"NL,BE,US,GB",8,1,0.8628
4f2114c2ed,1516028400000,PORT_CONGESTION,UNKNOWN,7,1,0.7779
92a4f95894,2018-01-15,PORT_CONGESTION,VI,7,1,0.7966
6e0b98317c,1516104060000,PORT_CONGESTION,DE,8,1,0.8781
c479ad7218,2018-01-16,PORT_CONGESTION,UNKNOWN,8,1,0.8677
7431fa4e5a,1516307323000,PORT_CONGESTION,UNKNOWN,8,1,0.8664
4546751ba1,1516633772000,PORT_CONGESTION,UNKNOWN,8,1,0.8797
8992164dbb,1516631159000,PORT_CONGESTION,"IN,CN",8,1,0.8241
afb0374def,1516629832000,PORT_CONGESTION,US,9,1,0.9368
9e9e081f4e,2018-01-22,PORT_CONGESTION,"IN,MY,VN,BD,PH,SG",7,1,0.7754
8632f5d035,1516733865000,PORT_CONGESTION,US,9,1,0.9332
aeb5bf1c1f,2018-01-24,PORT_CONGESTION,"EG,JO,QA,SA,AE,VI",6,1,0.6643
260bb51616,1516891448000,PORT_CONGESTION,LA,8,1,0.8949
993160ee5a,1516825700000,PORT_CONGESTION,LA,8,1,0.8888
7d11af8cf0,1516819585000,PORT_CONGESTION,US,9,1,0.9332
e163d266ab,1516983223000,PORT_CONGESTION,US,9,1,0.9196
e4f5d036fb,2018-01-26,GENERAL_DISRUPTION,UNKNOWN,6,1,0.6421
66ce6ca0db,2018-01-26,PORT_CONGESTION,UNKNOWN,8,1,0.8385
0df1c8644e,1517076000000,PORT_CONGESTION,UNKNOWN,8,1,0.8899
8ceade371f,2018-01-29,LABOR_STRIKE,VI,6,1,0.6347
e45dbca045,1517267645000,PORT_CONGESTION,US,9,1,0.9328
e10f95a336,2018-01-30,PORT_CONGESTION,UNKNOWN,8,1,0.8031
36b7fb2b1c,1517353457000,PORT_CONGESTION,FR,8,1,0.8324
032f0b7206,2018-01-31,PORT_CONGESTION,UNKNOWN,5,1,0.5923
8dff96d604,2018-01-31,PORT_CONGESTION,UNKNOWN,7,1,0.7916
9bec49f91d,2018-01-31,PORT_CONGESTION,UNKNOWN,8,1,0.8516
5f45e40b1d,1517607775000,PORT_CONGESTION,UNKNOWN,8,1,0.8544
95f31d99af,1517864051000,PORT_CONGESTION,"GH,US",7,1,0.7654
02d4888881,1518022916000,PORT_CONGESTION,"US,VI",8,1,0.8803
3cdda48e8b,1518127381000,PORT_CONGESTION,"US,VI,CN,IN",8,1,0.8625
d935887bd8,1518440400000,PORT_CONGESTION,US,9,1,0.9332
e35b6d44bd,1518625812000,PORT_CONGESTION,"US,AS,VI",9,1,0.927
47bd2ad0a7,1518616333000,PORT_CONGESTION,HK,9,1,0.9037
3c3665e752,1518548795000,PORT_CONGESTION,US,9,1,0.9407
ca02debe6d,1518709768000,PORT_CONGESTION,US,9,1,0.9181
11d839df22,1518647839000,PORT_CONGESTION,US,8,1,0.8621
f04c51938f,1518799492000,PORT_CONGESTION,US,9,1,0.9301
22ec0201f8,1518734616000,PORT_CONGESTION,US,9,1,0.9303
4db60df6e1,1518722281000,PORT_CONGESTION,UNKNOWN,7,1,0.7462
586d642a01,1518814814000,PORT_CONGESTION,UNKNOWN,7,1,0.7893
f50adaa336,1518812744000,PORT_CONGESTION,CN,8,1,0.8059
e30852443d,1519045200000,PORT_CONGESTION,"US,CA,MX",8,1,0.8198
572278dcc7,1519137400000,PORT_CONGESTION,"US,AS",8,1,0.886
6dabdfafe1,1519162458000,PORT_CONGESTION,"US,KI",9,1,0.9197
adfe519e54,1519397235000,PORT_CONGESTION,"US,VI",8,1,0.81
613498baab,1519331163000,PORT_CONGESTION,US,9,1,0.9272
9dbf44bb9a,1519413674000,PORT_CONGESTION,"US,CA,VI",9,1,0.9312
38c39bea5a,1519650000000,PORT_CONGESTION,UNKNOWN,8,1,0.8885
585f76b437,1519747075000,PORT_CONGESTION,"SG,CN",6,1,0.7
77ffc83b13,1519999756000,PORT_CONGESTION,KI,7,1,0.7538
91e521b19e,1520028197000,PORT_CONGESTION,UNKNOWN,8,1,0.8853
c47d590ffc,1520352454000,PORT_CONGESTION,IN,8,1,0.8932
3abda5f462,1520297968000,PORT_CONGESTION,"US,DE",8,1,0.885
3c0bf50879,1520278244000,PORT_CONGESTION,US,9,1,0.9341
51f0c2c8f5,1520374138000,PORT_CONGESTION,US,6,1,0.6041
050c45d1da,1520449710000,PORT_CONGESTION,US,9,1,0.9364
52a6f6f118,1520551493000,PORT_CONGESTION,"US,CA,VI",8,1,0.8778
d94a820515,1520542137000,PORT_CONGESTION,US,9,1,0.9135
adaf4fb2a9,1520532916000,PORT_CONGESTION,"US,VI",9,1,0.9266
a14c413281,1520616720000,PORT_CONGESTION,UNKNOWN,9,1,0.9221
7ad2441891,1520950727000,PORT_CONGESTION,US,9,1,0.9301
2e1c082931,1520884545000,PORT_CONGESTION,US,9,1,0.93
18878a09c5,1521131865000,PORT_CONGESTION,SG,8,1,0.8314
4716b37947,1521124706000,PORT_CONGESTION,"VI,DE,KN",7,1,0.7666
ccd3df6a53,1521096595000,PORT_CONGESTION,UNKNOWN,8,1,0.8403
31eaf1b8a2,1521063355000,PORT_CONGESTION,"US,VI",9,1,0.9314
45d8588d18,1521206493000,PORT_CONGESTION,US,7,1,0.7327
e0c006669e,1521145094000,PORT_CONGESTION,"BD,IN",9,1,0.918
93d8f76f07,1521133998000,PORT_CONGESTION,"US,CN",9,1,0.9201
0c7ccfce65,1521234898000,PORT_CONGESTION,US,9,1,0.9314
37026feaf7,1521475771000,PORT_CONGESTION,BR,9,1,0.9134
3b4a54aa44,1521562985000,PORT_CONGESTION,US,9,1,0.9369
2aeeacebcb,1521638915000,PORT_CONGESTION,US,8,1,0.862
b0d7f75014,1521636137000,PORT_CONGESTION,US,9,1,0.9305
afa0d7d42f,1521665034000,PORT_CONGESTION,US,7,1,0.7086
df4fc2ed76,1521660435000,PORT_CONGESTION,"LA,US",9,1,0.9016
32f06f3610,1521658946000,PORT_CONGESTION,UNKNOWN,5,1,0.5051
7c60792aac,1521654798000,PORT_CONGESTION,"US,VI",8,1,0.8983
cfc8dcf62d,1521811065000,PORT_CONGESTION,"HN,US,ZA,BR,PE,VI,CO,ET,LA",8,1,0.8343
2a165bcc4d,1522083099000,PORT_CONGESTION,"LA,US",9,1,0.9267
3ccde4dab2,1522162800000,PORT_CONGESTION,HK,7,1,0.7928
5e9803d5ab,1522249111000,PORT_CONGESTION,IN,8,1,0.897
55d8fea19c,1522181974000,PORT_CONGESTION,US,8,1,0.8783
405106bea0,1522503743000,PORT_CONGESTION,UNKNOWN,9,1,0.9342
4d0c9eed77,1522681947000,PORT_CONGESTION,US,6,1,0.6957
18e4755a7d,1522695337000,PORT_CONGESTION,IN,7,1,0.78
5305d33e6a,1522791761000,PORT_CONGESTION,"US,VI,JP",6,1,0.6482
58f9bf67e8,1522775735000,PORT_CONGESTION,US,9,1,0.9214
437f7a02ee,1523022409000,PORT_CONGESTION,IN,8,1,0.8938
87e4e7634d,1522953473000,PORT_CONGESTION,"GB,IT",6,1,0.6199
0bd88d907a,1523282400000,PORT_CONGESTION,UNKNOWN,8,1,0.8613
f0dcf7cb2c,1523311325000,PORT_CONGESTION,US,9,1,0.9106
d41ca776f5,1523638343000,PORT_CONGESTION,"FR,GB",7,1,0.7654
17d7c1867e,1523625460000,PORT_CONGESTION,"JP,CN",5,1,0.5828
06b00644a8,1523570291000,PORT_CONGESTION,"US,CA",9,1,0.9321
fb29cc4309,1523567994000,PORT_CONGESTION,"US,CN,NL,KE",8,1,0.8448
546332d704,1523914928000,PORT_CONGESTION,"LA,US",9,1,0.9185
c7d694a55b,1523901708000,PORT_CONGESTION,US,9,1,0.934
945ae3a0eb,1524171985000,PORT_CONGESTION,"US,VI",8,1,0.817
2719e4f0ee,1524163831000,PORT_CONGESTION,"VI,US",7,1,0.7948
ffcf5bb3dd,1524163615000,PORT_CONGESTION,"RU,KZ,CN",7,1,0.7634
b96b5e204a,1524312000000,PORT_CONGESTION,US,8,1,0.8938
bc70dae0c1,1524515473000,PORT_CONGESTION,US,8,1,0.8157
89462816de,1524603057000,PORT_CONGESTION,US,9,1,0.9244
05ef6b0e9c,1524760627000,PORT_CONGESTION,"BE,DE",8,1,0.837
803adb8f2a,1524765161000,PORT_CONGESTION,US,8,1,0.8786
fcd636c7b3,1524860075000,PORT_CONGESTION,US,9,1,0.9181
5f3995bd8d,1525126570000,PORT_CONGESTION,US,9,1,0.9283
820181b512,1525272542000,PORT_CONGESTION,"BD,IN",7,1,0.7831
66f40f8186,1525287331000,PORT_CONGESTION,UNKNOWN,5,1,0.5578
64ee35af4b,1525444621000,PORT_CONGESTION,"BE,DE",9,1,0.9364
6150ee6775,1525379883000,PORT_CONGESTION,UNKNOWN,5,1,0.5781
9979833fa5,1525694400000,PORT_CONGESTION,US,9,1,0.9288
44f3dedc94,1525901637000,PORT_CONGESTION,UNKNOWN,8,1,0.8989
cc27bdfdfd,1525988867000,PORT_CONGESTION,UNKNOWN,6,1,0.6474
61855dba6e,1526329285000,PORT_CONGESTION,US,8,1,0.8884
848a61be8c,1526486674000,PORT_CONGESTION,UNKNOWN,9,1,0.9191
e874c45ff6,1526418918000,PORT_CONGESTION,US,9,1,0.9175
92cbe9bb3a,1526415120000,PORT_CONGESTION,"US,KN",9,1,0.9326
86ead04e2a,1526516197000,PORT_CONGESTION,"LA,VI,US",6,1,0.6356
d33969ad0b,1526495676000,PORT_CONGESTION,UNKNOWN,8,1,0.8988
b56781d45a,1526598493000,PORT_CONGESTION,US,8,1,0.8844
68d5d4f5b8,1526579286000,PORT_CONGESTION,US,6,1,0.681
663226ed6c,1526908441000,PORT_CONGESTION,DE,8,1,0.8281
a340203a92,1527094100000,PORT_CONGESTION,US,8,1,0.8909
7ebfc4fdda,1527021038000,PORT_CONGESTION,"US,GB",9,1,0.9156
ccac1ca53a,1527196691000,PORT_CONGESTION,UNKNOWN,8,1,0.8806
8fa06d9e1b,1527342097000,PORT_CONGESTION,"US,CN",8,1,0.8853
52bc56e3bf,1527615855000,PORT_CONGESTION,US,9,1,0.9372
ad2e449351,1528040908000,PORT_CONGESTION,UNKNOWN,7,1,0.7851
efcf43f8ff,1528204854000,PORT_CONGESTION,UNKNOWN,8,1,0.891
5f75d169e0,1528140516000,PORT_CONGESTION,US,8,1,0.8147
f9f405aba6,1528292388000,PORT_CONGESTION,"VI,GB,CN",8,1,0.8417
fa76039c9b,1528218087000,PORT_CONGESTION,SG,8,1,0.876
8ab59e0e06,1528385655000,PORT_CONGESTION,FR,6,1,0.6965
a862a4bfad,1528409580000,PORT_CONGESTION,"VI,AS",5,1,0.592
9b428019e4,1528642257000,PORT_CONGESTION,UNKNOWN,9,1,0.9205
cbf8f76f8c,1529006739000,PORT_CONGESTION,"IN,JP",8,1,0.8021
26490af44a,1529089223000,PORT_CONGESTION,US,9,1,0.9277
00c987b8a9,1529421716000,PORT_CONGESTION,US,5,1,0.5006
a3fb18c33f,1529347148000,PORT_CONGESTION,IN,8,1,0.861
d09767dc76,1529598002000,PORT_CONGESTION,"DE,FI",9,1,0.9037
f2f102b611,1529959792000,PORT_CONGESTION,FR,9,1,0.9043
8d8fc76282,1530201247000,PORT_CONGESTION,"CN,JP,DE",7,1,0.7204
11291d14f0,1530152519000,PORT_CONGESTION,UNKNOWN,9,1,0.9054
028d725a64,1530276018000,PORT_CONGESTION,"US,AS",6,1,0.6911
625f2c3415,1530220545000,PORT_CONGESTION,US,5,1,0.5963
1ff98d0a5e,1530307215000,PORT_CONGESTION,"GB,CN",5,1,0.5631
2ae8dd4288,1530292066000,PORT_CONGESTION,DK,5,1,0.5632
aa6b1b0e8b,1530461281000,PORT_CONGESTION,US,8,1,0.8904
a380ffedcb,1530628774000,PORT_CONGESTION,US,8,1,0.8104
2ecfae029f,1530807264000,PORT_CONGESTION,UNKNOWN,6,1,0.6045
ef21640e59,1531174839000,PORT_CONGESTION,UNKNOWN,8,1,0.8812
c3265f11a6,1531343667000,PORT_CONGESTION,US,9,1,0.9288
4fc2877110,1531331001000,PORT_CONGESTION,"IN,JP",7,1,0.7527
ba3e99f8cb,1531417887000,PORT_CONGESTION,US,8,1,0.886
8bbbec5404,1532012934000,PORT_CONGESTION,SG,9,1,0.9021
6f3e91e9e7,1532452481000,PORT_CONGESTION,US,8,1,0.89
52cb403500,1532614879000,PORT_CONGESTION,SG,7,1,0.7951
e87a3fb083,1532552657000,PORT_CONGESTION,"US,CA,VI",9,1,0.9234
c23844b8fd,1532544423000,PORT_CONGESTION,US,8,1,0.8521
56c8c6976b,1532795960000,PORT_CONGESTION,UNKNOWN,8,1,0.8745
5c0373bf02,1532957583000,PORT_CONGESTION,US,8,1,0.8062
10ae442002,1533129552000,PORT_CONGESTION,IN,8,1,0.8632
a3bb9b0739,1533073720000,PORT_CONGESTION,"LA,US",5,1,0.5692
fd370dfa07,1533154685000,PORT_CONGESTION,US,8,1,0.86
0c482cfe24,1533330403000,PORT_CONGESTION,UNKNOWN,9,1,0.9346
630ed41071,1533321541000,PORT_CONGESTION,IN,5,1,0.5813
c978db39f5,1533591985000,PORT_CONGESTION,"MX,CN,US",9,1,0.9249
16754f7429,1533582731000,PORT_CONGESTION,"LA,US",8,1,0.8917
791094c7eb,1533680887000,PORT_CONGESTION,UNKNOWN,5,1,0.5953
a0c12d2402,1533833356000,PORT_CONGESTION,US,7,1,0.7072
f0171fc922,1533822056000,PORT_CONGESTION,UNKNOWN,5,1,0.5883
02b7930a1a,1534172612000,PORT_CONGESTION,UNKNOWN,7,1,0.7496
e8a6e26e00,1534263383000,PORT_CONGESTION,US,9,1,0.9211
067f3f2b81,1534517458000,PORT_CONGESTION,DE,9,1,0.9127
e4e23366df,1534452569000,PORT_CONGESTION,US,8,1,0.8609
6ea9e7d1d0,1534448504000,PORT_CONGESTION,UNKNOWN,8,1,0.8972
f8ac25f41f,1534860123000,PORT_CONGESTION,IN,8,1,0.8665
1b1884bcb0,1534794772000,PORT_CONGESTION,UNKNOWN,8,1,0.87
45861b6474,1534885789000,PORT_CONGESTION,US,8,1,0.8457
6dba789043,1535036245000,PORT_CONGESTION,"CN,SI",7,1,0.7613
ece4d144e2,1535569704000,PORT_CONGESTION,UNKNOWN,8,1,0.8681
