obs_index,burn_rate_daily,TTS_days,avg_delivery_delay,pct_late_deliveries,quality_incident_rate,supplier_risk_class,criticality_class,news_risk_score,disruption_event_flag,severity_score
0,-1.2108004,1.8574198,-0.108086266,-0.92424476,0.0,0.11985367,0.0,0.0,0.0,0.0
1,0.7089967,3.0636182,-0.03536615,0.028593812,0.0,0.28485298,0.0,0.0,0.0,0.0
2,0.618216,3.0084572,0.082956135,0.016228376,0.0,0.28818458,0.0,0.0,0.0,0.0
3,0.34965333,3.4354503,0.947675,-0.5597566,0.0,0.18812932,0.0,0.0,0.0,0.0
4,0.6722707,3.1655843,0.25606298,0.44464672,0.0,0.33084956,0.0,0.0,0.0,0.0
5,0.4015817,2.9122126,-0.040218674,-0.3609824,0.0,0.18331806,0.0,0.0,0.0,0.0
6,-0.62750643,2.0675309,-0.06490992,-0.15738824,0.0,0.277276,0.0,0.0,0.0,0.0
7,-0.6386821,2.030553,-0.034635585,-0.0013916763,0.0,0.2733377,0.0,0.0,0.0,0.0
8,0.65500647,3.1243744,0.28073218,0.118407376,0.0,0.30159062,0.0,0.0,0.0,0.0
9,-0.6027872,2.0204303,-0.061671626,0.50493544,0.0,0.2855396,0.0,0.0,0.0,0.0
10,0.5990524,3.1234071,-0.057524335,0.116553016,0.0,0.2815174,0.0,0.0,0.0,0.0
11,0.75088906,2.9262693,-0.06326161,0.25691605,0.0,0.25520045,0.0,0.0,0.0,0.0
12,0.69132745,3.0502071,-0.064534105,0.41249275,0.0,0.3066917,0.0,0.0,0.0,0.0
13,0.70578563,1.3754122,0.21095191,0.3380633,0.0,0.3141537,0.0,0.0,0.0,0.0
14,-0.68401724,0.93212116,0.06903981,-0.04978393,0.0,0.18146068,0.0,0.0,0.0,0.0
15,-0.09250438,0.89479077,0.49569678,0.05449341,0.0,0.19142851,0.0,0.0,0.0,0.0
16,-0.029724307,0.43529853,0.22420518,0.78804445,0.0,0.19030881,0.0,0.0,0.0,0.0
17,0.14019263,0.8716511,0.18771876,0.49567786,0.0,0.1663662,0.0,0.0,0.0,0.0
18,0.09386718,0.81763965,0.097867094,0.28901303,0.0,0.20373265,0.0,0.0,0.0,0.0
19,0.04712002,0.82290053,-0.07816489,-0.217599,0.0,0.17041455,0.0,0.0,0.0,0.0
20,0.05038749,0.82229936,0.19904603,-0.1439501,0.0,0.18742052,0.0,0.0,0.0,0.0
21,0.26565358,0.116479054,-0.060227808,-0.08735587,0.0,0.15102613,0.0,0.0,0.0,0.0
22,0.64171535,1.6092004,0.11075903,0.16169451,0.0,0.1480028,0.0,0.0,0.0,0.0
23,0.1920162,-0.09187003,0.18566231,-0.13552858,0.0,0.21150997,0.0,0.0,0.0,0.0
24,-0.040439647,-0.10838335,-0.15201,-0.32915816,0.0,0.1894569,0.0,0.0,0.0,0.0
25,-0.12856904,-0.096073925,0.30083033,-0.16096854,0.0,0.20234697,0.0,0.0,0.0,0.0
26,0.003142992,-0.7942482,0.25362077,0.15891777,0.0,0.13815801,0.0,0.0,0.0,0.0
27,0.03554085,-0.5249541,0.14562811,0.83402383,0.0,0.17359805,0.0,0.0,0.0,0.0
28,0.220705,-0.8524887,0.20787767,0.77063787,0.0,0.15245602,0.0,0.0,0.0,0.0
29,-0.1011295,-0.99507815,-0.14881873,-0.36191916,0.0,0.11118122,0.0,0.0,0.0,0.0
30,-0.084451534,-0.8836228,-0.10599178,-0.18325935,0.0,0.11868566,0.0,0.0,0.0,0.0
31,-0.086757734,-0.56559277,-0.06779461,-0.01811396,0.0,0.15187983,0.0,0.0,0.0,0.0
32,0.013008846,-0.8202716,-0.061267734,-0.16206011,0.0,0.15361719,0.0,0.0,0.0,0.0
33,-0.0042574536,-0.51657087,-0.4341583,-0.0004636608,0.0,0.14984821,0.0,0.0,0.0,0.0
34,0.27396673,-0.6590466,0.1892078,0.14733058,0.0,0.083896816,0.0,0.0,0.0,0.0
35,-0.12650622,-0.089160435,0.06247676,0.13589184,0.0,0.15053627,0.0,0.0,0.0,0.0
36,-0.06342568,-0.08815826,-0.03889928,-0.1681511,0.0,0.0996785,0.0,0.0,0.0,0.0
37,-0.077230595,-0.36792123,-0.033200048,0.12522326,0.0,0.06761916,0.0,0.0,0.0,0.0
38,0.05709322,0.09552011,-0.12202863,-0.23707715,0.0,0.1351687,0.0,0.0,0.0,0.0
39,0.017000832,0.73268175,-0.027060684,-0.36751872,0.0,0.1969181,0.0,0.0,0.0,0.0
40,-0.11830922,0.53269565,-0.47911996,-0.3985127,0.0,0.15262493,0.0,0.0,0.0,0.0
41,0.06714849,0.77956825,-0.21795352,-0.2334535,0.0,0.20497122,0.0,0.0,0.0,0.0
42,0.050742295,0.41521087,0.062326696,-0.055658195,0.0,0.15315899,0.0,0.0,0.0,0.0
43,0.06919006,0.7188647,0.24541996,0.026067788,0.0,0.17305309,0.0,0.0,0.0,0.0
44,-0.051559865,0.89954144,0.14832711,0.13883707,0.0,0.16526884,0.0,0.0,0.0,0.0
45,-0.13405302,0.8864183,-0.04764086,0.35467848,0.0,0.07094721,0.0,0.0,0.0,0.0
46,0.78592265,1.2762564,0.28425097,0.056141507,0.0,0.30616543,0.0,0.0,0.0,0.0
47,0.85746425,2.9178445,0.22962911,0.32157487,0.0,0.27121672,0.0,0.0,0.0,0.0
48,0.6656877,3.011809,0.092885405,0.47994977,0.0,0.3020022,0.0,0.0,0.0,0.0
49,0.7191422,1.6911205,0.24194507,0.8007224,0.0,0.30318826,0.0,0.0,0.0,0.0
50,0.64930403,3.1465127,0.17373875,0.17439233,0.0,0.27950728,0.0,0.0,0.0,0.0
51,0.49814838,3.0867362,-0.061504003,-0.19152246,0.0,0.28468946,0.0,0.0,0.0,0.0
52,-0.6222087,1.952303,-0.06604051,0.40203452,0.0,0.20667064,0.0,0.0,0.0,0.0
53,-0.66356784,2.106749,0.08872375,0.3991446,0.0,0.2984864,0.0,0.0,0.0,0.0
54,-0.62253976,2.0403805,0.24401064,0.8323456,0.0,0.31207657,0.0,0.0,0.0,0.0
55,0.602354,3.0598543,-0.08824629,0.22130471,0.0,0.2184242,0.0,0.0,0.0,0.0
56,0.51793146,3.1192431,0.021972617,-0.16733846,0.0,0.24960925,0.0,0.0,0.0,0.0
57,0.5961439,3.0734518,-0.10941446,0.22225824,0.0,0.25520045,0.0,0.0,0.0,0.0
58,0.61086404,3.079391,-0.16311908,-0.25802892,0.0,0.30026993,0.0,0.0,0.0,0.0
59,0.4259447,3.0969083,0.7585961,-0.3195827,0.0,0.18586327,0.0,0.0,0.0,0.0
60,0.37236077,2.9123702,-0.01746689,-0.35536048,0.0,0.18400754,0.0,0.0,0.0,0.0
61,0.71625745,3.0773196,0.27171445,0.06970499,0.0,0.29709414,0.0,0.0,0.0,0.0
62,0.6006291,3.1457114,0.27505127,-0.05103988,0.0,0.3296907,0.0,0.0,0.0,0.0
63,0.71625745,3.0773196,0.25845322,0.082966246,0.0,0.29709414,0.0,0.0,0.0,0.0
64,0.70363516,2.9157438,-0.07404279,0.27283093,0.0,0.21271992,0.0,0.0,0.0,0.0
65,-0.22970834,1.2418746,-0.10095229,-1.0429368,0.0,0.08028885,0.0,0.0,0.0,0.0
66,0.6904213,1.0818238,-0.04540144,-0.0830752,0.0,0.23853616,0.0,0.0,0.0,0.0
67,-0.120831005,0.8963113,-0.05662267,0.21128379,0.0,0.06838851,0.0,0.0,0.0,0.0
68,-0.20297566,0.9037639,0.14337847,-0.120217144,0.0,0.20242386,0.0,0.0,0.0,0.0
69,-0.08083954,0.1337381,-0.49538857,-0.02049143,0.0,0.13653854,0.0,0.0,0.0,0.0
70,0.03696069,0.8406749,0.23555242,0.17551225,0.0,0.20876995,0.0,0.0,0.0,0.0
71,0.2686821,0.8961731,-0.1596018,0.10217421,0.0,0.10005858,0.0,0.0,0.0,0.0
72,0.30098525,0.5817205,-0.07904874,-0.004938726,0.0,0.17204507,0.0,0.0,0.0,0.0
73,0.64378595,1.5460147,-0.0925236,0.1766311,0.0,0.05824558,0.0,0.0,0.0,0.0
74,0.10279699,0.119051404,0.17243579,-0.069982626,0.0,0.12885147,0.0,0.0,0.0,0.0
75,0.39898103,-0.12552787,-0.14424777,0.69734323,0.0,0.06446906,0.0,0.0,0.0,0.0
76,0.3561353,-0.3144723,-0.2492625,-0.14308685,0.0,0.19669285,0.0,0.0,0.0,0.0
77,0.548301,-0.27911818,-0.3190376,-0.26566854,0.0,0.16887163,0.0,0.0,0.0,0.0
78,-0.0043527815,-0.7835079,-0.09183649,0.46389827,0.0,0.16189134,0.0,0.0,0.0,0.0
79,-0.0139670875,-0.29426804,-0.023665164,-0.2242691,0.0,0.14682953,0.0,0.0,0.0,0.0
80,-0.22468363,-0.08226117,-0.24639249,-0.27647066,0.0,0.19374624,0.0,0.0,0.0,0.0
81,0.0247632,-0.5801839,0.081996955,-0.38352484,0.0,0.1762882,0.0,0.0,0.0,0.0
82,0.09436668,-0.38375843,0.24805538,0.5519765,0.0,0.192649,0.0,0.0,0.0,0.0
83,0.09717618,-0.72480345,0.16409148,0.04264275,0.0,0.13035199,0.0,0.0,0.0,0.0
84,0.20357332,-0.6749611,-0.08552358,0.5290688,0.0,0.16620733,0.0,0.0,0.0,0.0
85,0.19971384,-0.66795635,-0.077089,-0.028185014,0.0,0.15107481,0.0,0.0,0.0,0.0
86,0.18867032,-0.8150748,0.18048795,0.13160121,0.0,0.08321999,0.0,0.0,0.0,0.0
87,0.48271453,-0.73656183,0.23920126,0.058828324,0.0,0.16708548,0.0,0.0,0.0,0.0
88,0.55412483,-0.25946158,0.07711725,-0.030842714,0.0,0.16327669,0.0,0.0,0.0,0.0
89,0.22472714,-0.06734062,-0.31916595,0.21978778,0.0,0.12224923,0.0,0.0,0.0,0.0
90,0.1656568,-0.09487578,0.040874183,-0.14841866,0.0,0.15202993,0.0,0.0,0.0,0.0
91,0.38071725,-0.10857153,-0.23039491,-0.12515521,0.0,0.092613444,0.0,0.0,0.0,0.0
92,0.11959555,0.3528167,-0.08350572,-0.5536583,0.0,0.15411356,0.0,0.0,0.0,0.0
93,-0.11526124,0.68965536,-0.31657726,-0.2673963,0.0,0.15197617,0.0,0.0,0.0,0.0
94,1.0357566,0.050468706,-0.117204346,-0.91800123,0.0,0.13748139,0.0,0.0,0.0,0.0
95,0.21218432,-0.95263404,-0.079950854,-1.555741,0.0,0.113074735,0.0,0.0,0.0,0.0
96,0.21876748,-0.8418851,-0.08741305,-1.4573992,0.0,0.113074735,0.0,0.0,0.0,0.0
97,0.19893472,-0.2671619,-0.07880525,-1.6089844,0.0,0.13063402,0.0,0.0,0.0,0.0
98,0.94788784,0.021930803,-0.04523489,-0.071288206,0.0,0.20149755,0.0,0.0,0.0,0.0
99,0.94041955,0.08110062,-0.008498155,-0.06467269,0.0,0.20104805,0.0,0.0,0.0,0.0
100,0.9401876,1.2441919,-0.22852178,0.29681656,0.0,0.13840923,0.0,0.0,0.0,0.0
101,0.61929214,0.17828925,-0.20575234,-0.62069243,0.0,0.15467525,0.0,0.0,0.0,0.0
102,1.0264615,1.2035725,-0.1254006,0.5552955,0.0,0.28283632,0.0,0.0,0.0,0.0
103,0.9800195,1.4418348,0.22014901,0.12379626,0.0,0.25244862,0.0,0.0,0.0,0.0
104,0.8557604,1.6698899,-0.06214538,-0.029998634,0.0,0.2723745,0.0,0.0,0.0,0.0
105,0.5533858,1.4844491,-0.2921562,0.06700332,0.0,0.2590005,0.0,0.0,0.0,0.0
106,0.6865766,1.3347853,-0.10620898,-0.10818631,0.0,0.2708383,0.0,0.0,0.0,0.0
107,0.58964574,1.4354252,0.190744,0.07506405,0.0,0.26233208,0.0,0.0,0.0,0.0
108,0.91342753,1.5811942,0.38335738,0.33945054,0.0,0.29912087,0.0,0.0,0.0,0.0
109,0.29962605,1.6329634,-0.03694003,-0.9922178,0.0,0.16613106,0.0,0.0,0.0,0.0
110,0.83098596,1.5067606,-0.001733418,0.0791416,0.0,0.25177526,0.0,0.0,0.0,0.0
111,0.8349311,1.5570632,0.12717406,0.03370326,0.0,0.25177526,0.0,0.0,0.0,0.0
112,0.83431464,1.5947428,0.26103085,0.39313096,0.0,0.27112556,0.0,0.0,0.0,0.0
113,0.964751,1.4919426,0.025697647,-0.19365801,0.0,0.26293895,0.0,0.0,0.0,0.0
114,0.9219438,1.5616869,0.20741558,0.060280506,0.0,0.27700227,0.0,0.0,0.0,0.0
115,0.9774133,1.4776752,0.030324748,-0.19391158,0.0,0.26017067,0.0,0.0,0.0,0.0
116,0.9636864,1.5917568,0.381752,0.20430656,0.0,0.29444563,0.0,0.0,0.0,0.0
117,0.808478,1.273525,-0.3326892,0.117462076,0.0,0.2600192,0.0,0.0,0.0,0.0
118,0.8855162,1.248636,-0.026629025,0.06077847,0.0,0.24195449,0.0,0.0,0.0,0.0
119,1.0760531,0.38117883,-0.053341046,0.26700497,0.0,0.3242228,0.0,0.0,0.0,0.0
120,0.04238444,0.23066024,-0.10151286,-0.283549,0.0,0.21340466,0.0,0.0,0.0,0.0
121,0.332607,0.16231751,-0.2203177,0.0070507876,0.0,0.2492386,0.0,0.0,0.0,0.0
122,0.4548915,0.1837917,0.29975238,-0.1515034,0.0,0.2435007,0.0,0.0,0.0,0.0
123,0.4678079,0.17401266,0.011867149,-0.012690008,0.0,0.21806006,0.0,0.0,0.0,0.0
124,0.5503271,-0.10242959,0.44085878,0.18033083,0.0,0.19405077,0.0,0.0,0.0,0.0
125,0.5761362,0.12584053,0.27913,-0.11754149,0.0,0.24105437,0.0,0.0,0.0,0.0
126,0.95691955,-0.044263445,0.024858328,0.080255516,0.0,0.15193686,0.0,0.0,0.0,0.0
127,0.39340433,-1.2324201,-0.2537938,-0.28408286,0.0,0.15139729,0.0,0.0,0.0,0.0
128,0.39207146,-0.87508845,-0.23676482,-0.013210332,0.0,0.1391582,0.0,0.0,0.0,0.0
129,0.32972136,-1.1884103,-0.12203828,0.08954083,0.0,0.13907225,0.0,0.0,0.0,0.0
130,-0.0035425182,-1.9325299,-0.049191743,-0.025100525,0.0,0.09373262,0.0,0.0,0.0,0.0
131,-0.1673175,-2.0030055,-0.055301685,-0.12507999,0.0,0.104804546,0.0,0.0,0.0,0.0
132,0.25975865,-1.5609237,-0.13893828,-0.19733387,0.0,0.1242245,0.0,0.0,0.0,0.0
133,0.2602134,-1.5291417,-0.25756866,-0.03422032,0.0,0.11118122,0.0,0.0,0.0,0.0
134,-0.057624485,-1.7243695,-0.2513383,-0.23841378,0.0,0.12535274,0.0,0.0,0.0,0.0
135,-0.09393938,-1.7932323,-0.3594158,-0.19831602,0.0,0.11771058,0.0,0.0,0.0,0.0
136,0.20372674,-0.89363176,0.24734658,0.076150924,0.0,0.13617016,0.0,0.0,0.0,0.0
137,-0.061761394,-1.909756,0.09203257,-0.057743773,0.0,0.11777661,0.0,0.0,0.0,0.0
138,-0.06553807,-1.8595284,-0.40882456,-0.22606288,0.0,0.1251338,0.0,0.0,0.0,0.0
139,0.07441033,-1.2053255,0.041822154,-0.11109528,0.0,0.11038242,0.0,0.0,0.0,0.0
140,0.23833391,-0.84352875,0.08256478,0.13160121,0.0,0.07817969,0.0,0.0,0.0,0.0
141,0.09877034,-1.0576645,-0.342048,0.27043468,0.0,0.11268796,0.0,0.0,0.0,0.0
142,0.51017123,-0.9958321,-0.016797792,-0.14328705,0.0,0.15442483,0.0,0.0,0.0,0.0
143,0.39531854,-1.0264453,-0.07790073,0.10994329,0.0,0.14623147,0.0,0.0,0.0,0.0
144,0.37328753,-0.9745711,0.044415347,-0.09920499,0.0,0.13403319,0.0,0.0,0.0,0.0
145,0.7482758,-0.97476614,-0.031886607,0.67878556,0.0,0.12023135,0.0,0.0,0.0,0.0
146,0.66434056,-0.7373981,0.315018,-0.16323426,0.0,0.19834632,0.0,0.0,0.0,0.0
147,0.8682397,-0.19617073,0.18348436,-0.00083108665,0.0,0.20398657,0.0,0.0,0.0,0.0
148,0.5669067,-0.010875989,-0.15225665,0.10216005,0.0,0.14428937,0.0,0.0,0.0,0.0
149,0.4305489,0.18502255,0.077180505,-0.32449794,0.0,0.22751234,0.0,0.0,0.0,0.0
150,0.38379303,0.19700438,0.4731989,0.016644891,0.0,0.28323266,0.0,0.0,0.0,0.0
151,1.0523988,0.54820716,0.15789835,-0.19508182,0.0,0.29932135,0.0,0.0,0.0,0.0
152,0.98888195,0.12570326,-0.18188062,0.2090229,0.0,0.193793,0.0,0.0,0.0,0.0
153,1.1442869,0.062006235,-0.14870854,0.9415656,0.0,0.25585636,0.0,0.0,0.0,0.0
154,0.7583118,1.0498902,-0.3653646,0.08688568,0.0,0.22027896,0.0,0.0,0.0,0.0
155,1.0429732,1.4035388,0.3289558,0.071958676,0.0,0.25523156,0.0,0.0,0.0,0.0
156,1.0172642,1.5358771,-0.06533828,0.5147442,0.0,0.28041598,0.0,0.0,0.0,0.0
157,0.60803306,1.4661771,-0.14710642,-0.21140201,0.0,0.21782264,0.0,0.0,0.0,0.0
158,0.6178311,1.464507,-0.34060076,0.11123911,0.0,0.263497,0.0,0.0,0.0,0.0
159,0.7053358,1.3083307,0.27841222,-0.05109408,0.0,0.29756764,0.0,0.0,0.0,0.0
160,0.6722433,1.5198326,-0.118352935,-0.22309639,0.0,0.21292436,0.0,0.0,0.0,0.0
161,0.6370926,1.4851251,0.10661691,0.48231316,0.0,0.22118796,0.0,0.0,0.0,0.0
162,0.72838724,1.4000518,0.14746912,0.09586445,0.0,0.21176909,0.0,0.0,0.0,0.0
163,0.7963288,1.6388383,-0.25592622,-0.006184264,0.0,0.25960737,0.0,0.0,0.0,0.0
164,0.8023237,1.6438544,-0.09742083,0.25472388,0.0,0.27962276,0.0,0.0,0.0,0.0
165,0.9492006,1.492789,-0.00035804266,0.043569293,0.0,0.24004199,0.0,0.0,0.0,0.0
166,0.99552584,1.4520152,0.11456318,-0.052403387,0.0,0.26293895,0.0,0.0,0.0,0.0
167,0.9107163,1.5819452,0.07437694,0.32556316,0.0,0.25135133,0.0,0.0,0.0,0.0
168,0.8472877,0.11409076,0.16943645,-0.046809077,0.0,0.2655196,0.0,0.0,0.0,0.0
169,0.8537706,0.3963161,-0.050728004,0.82186884,0.0,0.2818568,0.0,0.0,0.0,0.0
170,1.005361,0.67523456,-0.08318601,-0.24846973,0.0,0.25550488,0.0,0.0,0.0,0.0
171,0.93612796,-0.046565495,0.16317417,0.07807477,0.0,0.28890377,0.0,0.0,0.0,0.0
172,0.0696702,0.08536826,-0.34700885,-0.08051974,0.0,0.20347911,0.0,0.0,0.0,0.0
173,0.46360222,0.15193328,0.16151105,0.035371266,0.0,0.20766218,0.0,0.0,0.0,0.0
174,0.60904706,0.11923188,-0.0025796446,0.017321259,0.0,0.21403475,0.0,0.0,0.0,0.0
175,1.0088174,-0.015608571,0.052045945,-0.09165861,0.0,0.13104942,0.0,0.0,0.0,0.0
176,0.7993068,-0.20790224,-0.26580787,0.7391768,0.0,0.22278915,0.0,0.0,0.0,0.0
177,0.6334001,-0.67337734,-0.23948938,0.15183906,0.0,0.20334668,0.0,0.0,0.0,0.0
178,0.42605084,-0.99955225,-0.087616436,-0.17125873,0.0,0.15967545,0.0,0.0,0.0,0.0
179,0.6421477,-1.1934617,0.27974498,0.091432214,0.0,0.13293916,0.0,0.0,0.0,0.0
180,0.56878924,-1.853039,-0.088494256,-0.08895594,0.0,0.11586714,0.0,0.0,0.0,0.0
181,-0.015848095,-1.8243421,-0.13833839,-0.17416683,0.0,0.12351452,0.0,0.0,0.0,0.0
182,-0.05075442,-1.8112772,-0.38672394,0.2555341,0.0,0.10035466,0.0,0.0,0.0,0.0
183,-0.113478184,-1.9974998,0.18219692,-0.054640442,0.0,0.11099431,0.0,0.0,0.0,0.0
184,0.23536201,-1.4849839,-0.047218647,0.07602495,0.0,0.105945855,0.0,0.0,0.0,0.0
185,0.24578407,-1.6734995,0.105295055,0.016779184,0.0,0.10303732,0.0,0.0,0.0,0.0
186,0.28192854,-1.6247733,0.18219692,-0.054640442,0.0,0.11099431,0.0,0.0,0.0,0.0
187,0.29203284,-1.5951757,0.15615353,-0.11963244,0.0,0.123941116,0.0,0.0,0.0,0.0
188,-0.094,-1.9180129,0.2532693,-0.109955676,0.0,0.13384181,0.0,0.0,0.0,0.0
189,-0.042041913,-1.7858953,-0.48285306,-0.07063591,0.0,0.105945855,0.0,0.0,0.0,0.0
190,0.12840357,-1.9366128,0.37262565,0.60524696,0.0,0.14006497,0.0,0.0,0.0,0.0
191,0.4414774,-1.7677401,0.1088851,-0.21066709,0.0,0.15300645,0.0,0.0,0.0,0.0
192,0.34479317,-1.833738,-0.096708715,-0.046036452,0.0,0.1391582,0.0,0.0,0.0,0.0
193,0.2571244,-1.9010545,-0.06797373,-0.29451507,0.0,0.13278155,0.0,0.0,0.0,0.0
194,0.42421377,-0.97155035,0.20101365,-0.040984564,0.0,0.13871557,0.0,0.0,0.0,0.0
195,0.36827537,-1.1341432,0.029092193,0.1345388,0.0,0.09833935,0.0,0.0,0.0,0.0
196,0.63976943,-1.2866881,0.173641,-0.008866221,0.0,0.159018,0.0,0.0,0.0,0.0
197,0.5523517,-0.7110176,0.20124035,0.046381287,0.0,0.17814963,0.0,0.0,0.0,0.0
198,0.8000889,-0.19179983,0.10883818,0.110623755,0.0,0.22596052,0.0,0.0,0.0,0.0
199,0.6570941,0.17192903,0.20133503,0.0332572,0.0,0.23151799,0.0,0.0,0.0,0.0
200,0.5835967,0.16589455,0.1987293,0.13368307,0.0,0.24934457,0.0,0.0,0.0,0.0
201,-0.06407892,0.8936343,0.26042876,-0.030590687,0.0,0.19113979,0.0,0.0,0.0,0.0
202,0.2096191,0.49076492,0.27234977,0.3527605,0.0,0.14598387,0.0,0.0,0.0,0.0
203,0.036481343,0.19005434,-0.093409844,-0.1356952,0.0,0.20136061,0.0,0.0,0.0,0.0
204,0.6399214,0.15368748,0.73342204,-0.36187926,0.0,0.15044925,0.0,0.0,0.0,0.0
205,0.963477,0.8293375,-0.18227397,-0.2952441,0.0,0.27305207,0.0,0.0,0.0,0.0
206,1.0344825,1.6369734,0.2761915,0.8362248,0.0,0.25411922,0.0,0.0,0.0,0.0
207,0.900193,1.5633687,-0.03460016,0.043588985,0.0,0.249007,0.0,0.0,0.0,0.0
208,1.0375247,1.3822684,0.22747985,0.2249779,0.0,0.2648932,0.0,0.0,0.0,0.0
209,1.0381453,1.4060212,0.33957145,0.06368848,0.0,0.25523156,0.0,0.0,0.0,0.0
210,0.96453434,1.5806326,-0.073996544,0.29960153,0.0,0.2917248,0.0,0.0,0.0,0.0
211,1.068422,1.3020624,0.17790934,0.10997361,0.0,0.25622573,0.0,0.0,0.0,0.0
212,0.92648345,1.5158528,0.25426558,0.62716955,0.0,0.28374755,0.0,0.0,0.0,0.0
213,0.44695666,1.514433,0.11049207,0.026688594,0.0,0.2511684,0.0,0.0,0.0,0.0
214,0.28626636,1.4720026,-0.026779233,0.33123863,0.0,0.073071554,0.0,0.0,0.0,0.0
215,0.66700125,1.6144342,-0.1283793,0.09628497,0.0,0.24899234,0.0,0.0,0.0,0.0
216,0.8193401,1.6299634,-0.14979081,-0.20765358,0.0,0.28132626,0.0,0.0,0.0,0.0
217,0.59692127,1.5350101,0.23200788,0.29660574,0.0,0.298514,0.0,0.0,0.0,0.0
218,1.1164584,1.4519337,-0.0058510504,0.08395112,0.0,0.26410386,0.0,0.0,0.0,0.0
219,1.0003537,1.4325885,0.15762506,0.009544354,0.0,0.26293895,0.0,0.0,0.0,0.0
220,1.0451597,1.4900101,0.20739794,0.46784416,0.0,0.29302815,0.0,0.0,0.0,0.0
221,0.9774133,1.4776752,0.030324748,-0.19391158,0.0,0.26017067,0.0,0.0,0.0,0.0
222,0.7077132,1.3486454,-0.13135077,-0.23556487,0.0,0.25535917,0.0,0.0,0.0,0.0
223,1.0089152,1.2732967,-0.20704338,-0.0024599712,0.0,0.27947098,0.0,0.0,0.0,0.0
224,0.8774598,0.031988896,-0.1597732,-0.24750721,0.0,0.27064347,0.0,0.0,0.0,0.0
225,0.32291934,0.18979526,-0.18131551,0.046389088,0.0,0.20810483,0.0,0.0,0.0,0.0
226,0.7040038,-0.64211935,0.18768845,0.06491955,0.0,0.18815018,0.0,0.0,0.0,0.0
227,0.66882443,-0.7242462,0.15998964,0.4540687,0.0,0.19468096,0.0,0.0,0.0,0.0
228,0.5775328,-0.8746799,0.035864934,0.3199395,0.0,0.119666494,0.0,0.0,0.0,0.0
229,0.5466427,-1.1097361,-0.15755263,0.20972918,0.0,0.16337149,0.0,0.0,0.0,0.0
230,0.3783991,-1.2085981,0.2781185,0.457113,0.0,0.1436018,0.0,0.0,0.0,0.0
231,0.19218394,-1.9458343,-0.004280048,-0.39094174,0.0,0.13871557,0.0,0.0,0.0,0.0
232,0.44840935,-1.8333987,0.1088851,-0.15085205,0.0,0.15191811,0.0,0.0,0.0,0.0
233,0.41172713,-1.9177471,0.25205892,-0.020290028,0.0,0.13910405,0.0,0.0,0.0,0.0
234,0.4060357,-1.9218053,0.03191245,-0.34906104,0.0,0.13858548,0.0,0.0,0.0,0.0
235,-0.08547339,-1.8436656,0.08892319,0.0174055,0.0,0.12294176,0.0,0.0,0.0,0.0
236,0.098933056,-1.8295177,0.47835183,-0.143344,0.0,0.1453892,0.0,0.0,0.0,0.0
237,0.04132328,-1.8878384,-0.07489344,-0.34880555,0.0,0.12294176,0.0,0.0,0.0,0.0
238,0.06586051,-1.7811538,0.21988153,-0.18037571,0.0,0.13206749,0.0,0.0,0.0,0.0
239,-0.030594992,-1.7883501,-0.04700437,0.07602495,0.0,0.105945855,0.0,0.0,0.0,0.0
240,0.06946319,-1.8790926,0.09439743,0.6478406,0.0,0.079049945,0.0,0.0,0.0,0.0
241,0.124867395,-1.922421,0.11132105,0.5978352,0.0,0.078938335,0.0,0.0,0.0,0.0
242,0.28219318,-1.6250081,0.014461193,-0.08936994,0.0,0.110738575,0.0,0.0,0.0,0.0
243,-0.124005064,-1.9457996,0.21337524,0.37106153,0.0,0.13645695,0.0,0.0,0.0,0.0
244,-0.07845082,-1.8518351,-0.2168358,0.09514422,0.0,0.12518796,0.0,0.0,0.0,0.0
245,0.09808539,-1.9429294,0.23275015,-0.06923095,0.0,0.1286959,0.0,0.0,0.0,0.0
246,0.3609406,-1.0869877,-0.47110406,-0.060748056,0.0,0.13392286,0.0,0.0,0.0,0.0
247,0.404041,-1.2278224,0.051133793,-0.09065772,0.0,0.13871557,0.0,0.0,0.0,0.0
248,0.5360492,-0.9331502,-0.21831246,0.12826352,0.0,0.12342636,0.0,0.0,0.0,0.0
249,0.5515652,-0.9508506,-0.047863934,-0.0041400273,0.0,0.15824144,0.0,0.0,0.0,0.0
